QueryNumber,OriginalNodeID,SyntheticNodeID,OriginalCost,SyntheticCost,AssignmentError,IsDummyAssignment
1,2,6,54193.9,26.3,0.9995147055295891,No
1,3,5,53193.9,26.46,0.9995025745433217,No
1,4,4,37890.47,1026.46,0.9729098108310612,No
1,5,3,37890.04,36029.75,0.049097071420352176,No
1,6,7,2.43,25.87,0.906068805566293,No
1,7,14,0.0,0.16,1.0,No
1,8,12,2.41,0.42,0.8257261410788382,No
1,9,15,0.0,0.15,1.0,No
1,10,2,37887.31,36029.75,0.04902855335995081,No
1,11,8,25.45,25.45,0.0,No
2,2,6,50287.5,26.3,0.9994770072085508,No
2,3,5,49287.5,26.46,0.9994631498858737,No
2,4,2,33944.92,35993.43,0.056913442258767835,No
2,5,3,33944.49,35993.43,0.056925388883471296,No
2,6,7,2.43,25.87,0.906068805566293,No
2,7,14,0.0,0.16,1.0,No
2,8,12,2.41,0.42,0.8257261410788382,No
2,9,15,0.0,0.15,1.0,No
2,10,4,33908.05,1026.46,0.9697281324051369,No
2,11,8,25.45,25.45,0.0,No
3,2,17,36168.29,50963.05,0.29030366118197404,No
3,3,12,36167.86,50965.65,0.29034830321991384,No
3,4,11,35167.86,291894.45,0.8795185725525101,No
3,5,13,2.43,2.43,0.0,No
3,7,15,2.41,2.41,0.0,No
3,9,10,35165.23,292467.13,0.87976347974557,No
3,10,23,25.45,25.45,0.0,No
3,DUMMY,2,0.0,327242.27,1.0,Yes
3,DUMMY,3,0.0,327242.27,1.0,Yes
3,DUMMY,4,0.0,293470.01,1.0,Yes
3,DUMMY,5,0.0,292470.01,1.0,Yes
3,DUMMY,6,0.0,0.0,1.0,Yes
3,DUMMY,7,0.0,292470.0,1.0,Yes
3,DUMMY,8,0.0,292467.99,1.0,Yes
3,DUMMY,9,0.0,292467.56,1.0,Yes
3,DUMMY,16,0.0,0.0,1.0,Yes
3,DUMMY,18,0.0,2685.14,1.0,Yes
3,DUMMY,20,0.0,2685.12,1.0,Yes
3,DUMMY,21,0.0,0.0,1.0,Yes
3,DUMMY,22,0.0,572.68,1.0,Yes
3,DUMMY,28,0.0,0.43,1.0,Yes
4,2,17,50287.47,50963.05,0.013256270964944243,No
4,3,12,49287.47,50965.65,0.032927667948902846,No
4,4,11,33944.92,291894.45,0.8837082376866022,No
4,5,10,33944.49,292467.13,0.8839374188819099,No
4,6,13,2.43,2.43,0.0,No
4,8,15,2.41,2.41,0.0,No
4,10,9,33908.05,292467.56,0.8840621845376629,No
4,11,23,25.45,25.45,0.0,No
4,DUMMY,2,0.0,327242.27,1.0,Yes
4,DUMMY,3,0.0,327242.27,1.0,Yes
4,DUMMY,4,0.0,293470.01,1.0,Yes
4,DUMMY,5,0.0,292470.01,1.0,Yes
4,DUMMY,6,0.0,0.0,1.0,Yes
4,DUMMY,7,0.0,292470.0,1.0,Yes
4,DUMMY,8,0.0,292467.99,1.0,Yes
4,DUMMY,16,0.0,0.0,1.0,Yes
4,DUMMY,18,0.0,2685.14,1.0,Yes
4,DUMMY,20,0.0,2685.12,1.0,Yes
4,DUMMY,21,0.0,0.0,1.0,Yes
4,DUMMY,22,0.0,572.68,1.0,Yes
4,DUMMY,28,0.0,0.43,1.0,Yes
5,2,11,85770.63,291894.45,0.7061587501920643,No
5,3,10,84770.63,292467.13,0.7101533085102589,No
5,4,12,50964.08,50965.65,3.080506184066541E-5,No
5,5,9,50963.65,292467.56,0.8257459733311961,No
5,6,8,50963.23,292467.99,0.8257476655821376,No
5,8,17,50963.05,50963.05,0.0,No
5,9,18,2685.14,2685.14,0.0,No
5,13,28,0.42,0.43,0.023255813953488393,No
5,DUMMY,2,0.0,327242.27,1.0,Yes
5,DUMMY,3,0.0,327242.27,1.0,Yes
5,DUMMY,4,0.0,293470.01,1.0,Yes
5,DUMMY,5,0.0,292470.01,1.0,Yes
5,DUMMY,6,0.0,0.0,1.0,Yes
5,DUMMY,7,0.0,292470.0,1.0,Yes
5,DUMMY,13,0.0,2.43,1.0,Yes
5,DUMMY,15,0.0,2.41,1.0,Yes
5,DUMMY,16,0.0,0.0,1.0,Yes
5,DUMMY,20,0.0,2685.12,1.0,Yes
5,DUMMY,21,0.0,0.0,1.0,Yes
5,DUMMY,22,0.0,572.68,1.0,Yes
5,DUMMY,23,0.0,25.45,1.0,Yes
5,DUMMY,24,0.0,0.0,1.0,Yes
6,2,11,51964.08,291894.45,0.8219764712895363,No
6,3,12,50964.08,50965.65,3.080506184066541E-5,No
6,4,10,50963.65,292467.13,0.8257457171340931,No
6,5,9,50963.23,292467.56,0.8257474093878993,No
6,7,17,50963.05,50963.05,0.0,No
6,8,18,2685.14,2685.14,0.0,No
6,12,28,0.42,0.43,0.023255813953488393,No
6,DUMMY,2,0.0,327242.27,1.0,Yes
6,DUMMY,3,0.0,327242.27,1.0,Yes
6,DUMMY,4,0.0,293470.01,1.0,Yes
6,DUMMY,5,0.0,292470.01,1.0,Yes
6,DUMMY,6,0.0,0.0,1.0,Yes
6,DUMMY,7,0.0,292470.0,1.0,Yes
6,DUMMY,8,0.0,292467.99,1.0,Yes
6,DUMMY,13,0.0,2.43,1.0,Yes
6,DUMMY,15,0.0,2.41,1.0,Yes
6,DUMMY,16,0.0,0.0,1.0,Yes
6,DUMMY,20,0.0,2685.12,1.0,Yes
6,DUMMY,21,0.0,0.0,1.0,Yes
6,DUMMY,22,0.0,572.68,1.0,Yes
6,DUMMY,23,0.0,25.45,1.0,Yes
6,DUMMY,24,0.0,0.0,1.0,Yes
7,2,11,51964.08,291894.45,0.8219764712895363,No
7,3,10,51963.65,292467.13,0.8223265294804241,No
7,4,12,50963.65,50965.65,3.92421169944855E-5,No
7,5,9,50963.23,292467.56,0.8257474093878993,No
7,7,17,50963.05,50963.05,0.0,No
7,8,18,2685.14,2685.14,0.0,No
7,12,28,0.42,0.43,0.023255813953488393,No
7,DUMMY,2,0.0,327242.27,1.0,Yes
7,DUMMY,3,0.0,327242.27,1.0,Yes
7,DUMMY,4,0.0,293470.01,1.0,Yes
7,DUMMY,5,0.0,292470.01,1.0,Yes
7,DUMMY,6,0.0,0.0,1.0,Yes
7,DUMMY,7,0.0,292470.0,1.0,Yes
7,DUMMY,8,0.0,292467.99,1.0,Yes
7,DUMMY,13,0.0,2.43,1.0,Yes
7,DUMMY,15,0.0,2.41,1.0,Yes
7,DUMMY,16,0.0,0.0,1.0,Yes
7,DUMMY,20,0.0,2685.12,1.0,Yes
7,DUMMY,21,0.0,0.0,1.0,Yes
7,DUMMY,22,0.0,572.68,1.0,Yes
7,DUMMY,23,0.0,25.45,1.0,Yes
7,DUMMY,24,0.0,0.0,1.0,Yes
8,2,11,85775.76,291894.45,0.7061411753460882,No
8,3,10,84775.76,292467.13,0.7101357680775956,No
8,4,9,50970.47,292467.56,0.8257226545056826,No
8,5,17,50970.05,50963.05,1.3733555293746032E-4,No
8,7,12,50969.87,50965.65,8.279401144246913E-5,No
8,8,20,2685.57,2685.12,1.6756219350092265E-4,No
8,9,18,2685.14,2685.14,0.0,No
8,13,28,0.43,0.43,0.0,No
8,DUMMY,2,0.0,327242.27,1.0,Yes
8,DUMMY,3,0.0,327242.27,1.0,Yes
8,DUMMY,4,0.0,293470.01,1.0,Yes
8,DUMMY,5,0.0,292470.01,1.0,Yes
8,DUMMY,6,0.0,0.0,1.0,Yes
8,DUMMY,7,0.0,292470.0,1.0,Yes
8,DUMMY,8,0.0,292467.99,1.0,Yes
8,DUMMY,13,0.0,2.43,1.0,Yes
8,DUMMY,15,0.0,2.41,1.0,Yes
8,DUMMY,16,0.0,0.0,1.0,Yes
8,DUMMY,21,0.0,0.0,1.0,Yes
8,DUMMY,22,0.0,572.68,1.0,Yes
8,DUMMY,23,0.0,25.45,1.0,Yes
8,DUMMY,24,0.0,0.0,1.0,Yes
9,2,2,338157.21,327242.27,0.032277708938987286,No
9,3,3,337157.21,327242.27,0.02940746840324133,No
9,4,11,50965.91,291894.45,0.825396097801791,No
9,5,12,50965.48,50965.65,3.3355799444970046E-6,No
9,7,17,50963.2,50963.05,2.943300263605489E-6,No
9,8,18,2685.29,2685.14,5.585988850369642E-5,No
9,DUMMY,4,0.0,293470.01,1.0,Yes
9,DUMMY,5,0.0,292470.01,1.0,Yes
9,DUMMY,6,0.0,0.0,1.0,Yes
9,DUMMY,7,0.0,292470.0,1.0,Yes
9,DUMMY,8,0.0,292467.99,1.0,Yes
9,DUMMY,9,0.0,292467.56,1.0,Yes
9,DUMMY,10,0.0,292467.13,1.0,Yes
9,DUMMY,13,0.0,2.43,1.0,Yes
9,DUMMY,15,0.0,2.41,1.0,Yes
9,DUMMY,16,0.0,0.0,1.0,Yes
9,DUMMY,20,0.0,2685.12,1.0,Yes
9,DUMMY,21,0.0,0.0,1.0,Yes
9,DUMMY,22,0.0,572.68,1.0,Yes
9,DUMMY,23,0.0,25.45,1.0,Yes
9,DUMMY,24,0.0,0.0,1.0,Yes
9,DUMMY,28,0.0,0.43,1.0,Yes
10,2,11,291300.35,291894.45,0.0020353247552327043,No
10,3,10,290300.35,292467.13,0.007408627424216964,No
10,4,9,50965.91,292467.56,0.8257382459784599,No
10,5,12,50965.48,50965.65,3.3355799444970046E-6,No
10,7,17,50963.2,50963.05,2.943300263605489E-6,No
10,8,18,2685.29,2685.14,5.585988850369642E-5,No
10,DUMMY,2,0.0,327242.27,1.0,Yes
10,DUMMY,3,0.0,327242.27,1.0,Yes
10,DUMMY,4,0.0,293470.01,1.0,Yes
10,DUMMY,5,0.0,292470.01,1.0,Yes
10,DUMMY,6,0.0,0.0,1.0,Yes
10,DUMMY,7,0.0,292470.0,1.0,Yes
10,DUMMY,8,0.0,292467.99,1.0,Yes
10,DUMMY,13,0.0,2.43,1.0,Yes
10,DUMMY,15,0.0,2.41,1.0,Yes
10,DUMMY,16,0.0,0.0,1.0,Yes
10,DUMMY,20,0.0,2685.12,1.0,Yes
10,DUMMY,21,0.0,0.0,1.0,Yes
10,DUMMY,22,0.0,572.68,1.0,Yes
10,DUMMY,23,0.0,25.45,1.0,Yes
10,DUMMY,24,0.0,0.0,1.0,Yes
10,DUMMY,28,0.0,0.43,1.0,Yes
11,2,5,308040.95,292470.01,0.05054827937649199,No
11,3,4,307040.95,293470.01,0.04419912067103753,No
11,4,17,51053.94,50963.05,0.0017802739612260956,No
11,6,12,51052.34,50965.65,0.0016980612445971145,No
11,7,20,2685.72,2685.12,2.2340377999192362E-4,No
11,8,18,2685.29,2685.14,5.585988850369642E-5,No
11,DUMMY,2,0.0,327242.27,1.0,Yes
11,DUMMY,3,0.0,327242.27,1.0,Yes
11,DUMMY,6,0.0,0.0,1.0,Yes
11,DUMMY,7,0.0,292470.0,1.0,Yes
11,DUMMY,8,0.0,292467.99,1.0,Yes
11,DUMMY,9,0.0,292467.56,1.0,Yes
11,DUMMY,10,0.0,292467.13,1.0,Yes
11,DUMMY,11,0.0,291894.45,1.0,Yes
11,DUMMY,13,0.0,2.43,1.0,Yes
11,DUMMY,15,0.0,2.41,1.0,Yes
11,DUMMY,16,0.0,0.0,1.0,Yes
11,DUMMY,21,0.0,0.0,1.0,Yes
11,DUMMY,22,0.0,572.68,1.0,Yes
11,DUMMY,23,0.0,25.45,1.0,Yes
11,DUMMY,24,0.0,0.0,1.0,Yes
11,DUMMY,28,0.0,0.43,1.0,Yes
12,2,11,51968.33,291894.45,0.8219619112319538,No
12,3,10,50968.33,292467.13,0.8257297153358738,No
12,4,12,50967.9,50965.65,4.4145432713531454E-5,No
12,5,13,2.43,2.43,0.0,No
12,7,15,2.41,2.41,0.0,No
12,9,17,50963.2,50963.05,2.943300263605489E-6,No
12,10,18,2685.29,2685.14,5.585988850369642E-5,No
12,DUMMY,2,0.0,327242.27,1.0,Yes
12,DUMMY,3,0.0,327242.27,1.0,Yes
12,DUMMY,4,0.0,293470.01,1.0,Yes
12,DUMMY,5,0.0,292470.01,1.0,Yes
12,DUMMY,6,0.0,0.0,1.0,Yes
12,DUMMY,7,0.0,292470.0,1.0,Yes
12,DUMMY,8,0.0,292467.99,1.0,Yes
12,DUMMY,9,0.0,292467.56,1.0,Yes
12,DUMMY,16,0.0,0.0,1.0,Yes
12,DUMMY,20,0.0,2685.12,1.0,Yes
12,DUMMY,21,0.0,0.0,1.0,Yes
12,DUMMY,22,0.0,572.68,1.0,Yes
12,DUMMY,23,0.0,25.45,1.0,Yes
12,DUMMY,28,0.0,0.43,1.0,Yes
13,2,7,16166.98,266336.99,0.9392987808415195,No
13,3,5,16166.55,266337.73,0.939300563986935,No
13,4,4,15166.55,300111.92,0.9494636867472642,No
13,5,2,15166.13,301111.95,0.9496329189193587,No
13,7,3,15165.82,301111.95,0.9496339484367857,No
13,8,10,2.43,2.43,0.0,No
13,12,12,0.42,2.41,0.8257261410788382,No
13,DUMMY,8,0.0,32.96,1.0,Yes
13,DUMMY,9,0.0,2.86,1.0,Yes
13,DUMMY,13,0.0,0.0,1.0,Yes
14,2,7,68034.74,266417.57,0.7446311817948044,No
14,3,5,67034.74,266420.22,0.7483871907319948,No
14,4,4,50968.33,300201.78,0.8302197608555152,No
14,5,2,50967.9,301201.8,0.8307848757875949,No
14,6,10,2.43,2.43,0.0,No
14,10,3,50963.2,301201.8,0.830800479944011,No
14,11,8,2685.29,32.96,0.9877257204994618,No
14,DUMMY,9,0.0,2.86,1.0,Yes
15,2,7,36161.05,266327.64,0.8642234429742254,No
15,3,5,35161.05,266328.15,0.8679784694182722,No
15,4,4,35160.91,300101.6,0.8828366459892248,No
15,5,2,35160.48,301101.62,0.8832271975155763,No
15,7,3,35160.39,301101.62,0.8832274964179867,No
15,8,8,25.45,32.96,0.22785194174757287,No
15,13,12,0.14,2.41,0.941908713692946,No
15,DUMMY,9,0.0,2.86,1.0,Yes
15,DUMMY,10,0.0,2.43,1.0,Yes
15,DUMMY,13,0.0,0.0,1.0,Yes
16,2,7,38855.25,266314.75,0.8541002704506604,No
16,3,5,38854.82,266314.96,0.8541020001279688,No
16,4,4,38854.68,300087.54,0.8705221816274011,No
16,5,2,37854.68,301087.57,0.8742735211553238,No
16,7,3,37854.67,301087.57,0.8742735543682525,No
16,8,12,0.16,2.41,0.933609958506224,No
16,10,10,0.16,2.43,0.934156378600823,No
16,11,9,0.15,2.86,0.9475524475524476,No
16,12,15,0.14,30.0,0.9953333333333333,No
16,DUMMY,8,0.0,32.96,1.0,Yes
16,DUMMY,13,0.0,0.0,1.0,Yes
16,DUMMY,16,0.0,0.0,1.0,Yes
17,2,4,292694.82,300150.31,0.024839188072136226,No
17,3,2,291694.82,301150.34,0.03139800539491344,No
17,4,7,35352.59,266371.55,0.8672809089409136,No
17,5,5,35349.04,266373.12,0.8672950183562065,No
17,6,3,35348.61,301150.34,0.8826213843889401,No
17,8,9,35344.24,2.86,0.9999190815816099,No
17,9,8,25.45,32.96,0.22785194174757287,No
17,DUMMY,10,0.0,2.43,1.0,Yes
18,2,11,51970.36,443401.06,0.8827915296368485,No
18,3,6,50970.36,449709.41,0.8866593429743888,No
18,4,5,50969.93,449709.84,0.8866604075196576,No
18,6,4,50969.91,516331.12,0.9012844509546509,No
18,7,9,2685.57,4767.92,0.4367418077484521,No
18,8,7,2685.14,5388.18,0.5016610432465137,No
18,12,12,0.43,25.45,0.9831041257367387,No
18,DUMMY,2,0.0,517331.15,1.0,Yes
18,DUMMY,3,0.0,517331.15,1.0,Yes
18,DUMMY,10,0.0,0.0,1.0,Yes
19,2,4,53024.72,485587.65,0.8908029889145658,No
19,3,11,53024.29,37392.42,0.29480583332657545,No
19,4,6,52024.29,38010.37,0.26937263343718865,No
19,6,5,52024.28,38010.8,0.2693642276260238,No
19,7,14,3691.93,4767.92,0.22567283008104166,No
19,8,12,3691.5,4843.26,0.23780676651676766,No
19,12,7,0.43,25.45,0.9831041257367387,No
19,DUMMY,2,0.0,486587.67,1.0,Yes
19,DUMMY,3,0.0,486587.67,1.0,Yes
19,DUMMY,15,0.0,0.0,1.0,Yes
20,2,4,51970.36,484057.07,0.8926358827896058,No
20,3,11,51969.93,37366.09,0.28100557380008023,No
20,4,6,50969.93,37777.02,0.2588371222012666,No
20,6,5,50969.91,37777.45,0.2588283950275762,No
20,7,14,2685.57,4767.92,0.4367418077484521,No
20,8,12,2685.14,4816.93,0.44256196374039075,No
20,12,7,0.43,25.45,0.9831041257367387,No
20,DUMMY,2,0.0,485057.09,1.0,Yes
20,DUMMY,3,0.0,485057.09,1.0,Yes
20,DUMMY,15,0.0,0.0,1.0,Yes
21,2,4,53025.48,68695.45,0.22810782955785272,No
21,3,2,52025.48,69695.48,0.2535315059168829,No
21,4,3,52025.05,69695.48,0.25353767561397084,No
21,6,5,52024.27,18295.84,0.6483210624579643,No
21,7,7,3691.93,18295.55,0.7982061211606101,No
21,8,8,3691.5,32.96,0.9910713801977515,No
21,12,12,0.43,2.41,0.8215767634854773,No
21,DUMMY,9,0.0,2.86,1.0,Yes
21,DUMMY,10,0.0,2.43,1.0,Yes
21,DUMMY,13,0.0,0.0,1.0,Yes
22,2,4,51970.44,68690.3,0.24340933144854512,No
22,3,2,50970.44,69690.33,0.26861531578340925,No
22,4,3,50970.01,69690.33,0.2686214859364276,No
22,6,5,50969.91,18291.23,0.6411367020267449,No
22,7,7,2685.57,18291.05,0.8531757334871426,No
22,8,8,2685.14,32.96,0.9877250348212756,No
22,12,12,0.43,2.41,0.8215767634854773,No
22,DUMMY,9,0.0,2.86,1.0,Yes
22,DUMMY,10,0.0,2.43,1.0,Yes
22,DUMMY,13,0.0,0.0,1.0,Yes
23,2,2,514257.89,486888.02,0.053222071128553795,No
23,3,3,513257.89,486888.02,0.05137742743711157,No
23,4,9,52025.48,452106.13,0.8849263999141087,No
23,5,7,52025.05,452106.38,0.884927414649623,No
23,7,6,52024.27,452106.8,0.8849292468062856,No
23,8,12,3691.93,3800.89,0.028666970104370304,No
23,9,11,3691.5,3801.32,0.02888996453863399,No
23,DUMMY,4,0.0,453106.95,1.0,Yes
23,DUMMY,5,0.0,452106.95,1.0,Yes
23,DUMMY,10,0.0,3831.41,1.0,Yes
23,DUMMY,13,0.0,25.45,1.0,Yes
23,DUMMY,15,0.0,25.38,1.0,Yes
23,DUMMY,16,0.0,0.0,1.0,Yes
23,DUMMY,17,0.0,2086.86,1.0,Yes
23,DUMMY,18,0.0,0.0,1.0,Yes
23,DUMMY,23,0.0,0.15,1.0,Yes
24,2,2,545441.94,327155.04,0.40020189866587813,No
24,3,3,544441.94,327155.04,0.3991002236161307,No
24,4,16,83681.99,240724.9,0.6523750139682267,No
24,5,9,83656.54,244097.96,0.6572829203488632,No
24,6,8,83656.11,292382.33,0.7138811021856212,No
24,8,6,83656.1,292382.34,0.7138811461731923,No
24,9,5,66509.69,292382.76,0.7725252679056727,No
24,10,4,66509.26,293382.76,0.7733020849623202,No
24,12,10,66509.25,2685.57,0.9596211053349722,No
24,13,17,2.43,2.43,0.0,No
24,15,11,2.41,2685.14,0.9991024676553178,No
24,16,DUMMY,0.0,0.0,1.0,Yes
24,19,13,25.45,2685.12,0.9905218388749851,No
25,2,2,545441.93,327155.04,0.4002018876693254,No
25,3,3,544441.93,327155.04,0.39910021257914513,No
25,4,16,83681.98,240724.9,0.6523750555094217,No
25,5,9,83656.53,244097.96,0.6572829613160225,No
25,6,8,83656.1,292382.33,0.7138811363874144,No
25,8,6,83656.09,292382.34,0.7138811803749844,No
25,9,5,66509.69,292382.76,0.7725252679056727,No
25,10,4,66509.26,293382.76,0.7733020849623202,No
25,12,10,66509.25,2685.57,0.9596211053349722,No
25,13,17,2.43,2.43,0.0,No
25,15,11,2.41,2685.14,0.9991024676553178,No
25,16,DUMMY,0.0,0.0,1.0,Yes
25,19,13,25.45,2685.12,0.9905218388749851,No
26,2,9,544506.39,244097.96,0.5517078137503585,No
26,3,8,543506.39,292382.33,0.46204435609303507,No
26,4,6,525406.45,292382.34,0.4435120847869301,No
26,6,5,525406.44,292382.76,0.44351127481421804,No
26,7,4,525401.85,293382.76,0.4416031081732963,No
26,8,3,525401.42,327155.04,0.3773236471268008,No
26,9,2,524802.46,327155.04,0.37661298310225144,No
26,10,16,64572.78,240724.9,0.7317569557615352,No
26,12,10,64572.34,2685.57,0.9584099012053768,No
26,13,DUMMY,2.86,0.0,1.0,Yes
26,14,17,2.43,2.43,0.0,No
26,16,DUMMY,2.41,0.0,1.0,Yes
26,17,DUMMY,0.0,0.0,1.0,Yes
26,19,13,598.96,2685.12,0.7769336193540698,No
26,20,11,28.76,2685.14,0.9892891990734188,No
27,2,10,494237.15,2685.57,0.9945662320203975,No
27,3,16,493237.15,240724.9,0.5119489681586231,No
27,4,9,476655.12,244097.96,0.48789397248056415,No
27,5,8,476654.69,292382.33,0.3865950841687931,No
27,6,6,476654.26,292382.34,0.3865945098235354,No
27,8,5,476654.25,292382.76,0.38659361581271956,No
27,9,4,441496.6,293382.76,0.3354812698444336,No
27,10,3,441496.18,327155.04,0.25898557038477665,No
27,12,2,441493.52,327155.04,0.25898110577025013,No
27,13,13,25.45,2685.12,0.9905218388749851,No
27,17,17,0.42,2.43,0.8271604938271605,No
27,DUMMY,11,0.0,2685.14,1.0,Yes
27,DUMMY,14,0.0,0.0,1.0,Yes
28,2,10,499653.93,2685.57,0.9946251398442918,No
28,3,16,498653.93,240724.9,0.5172505709520829,No
28,4,9,482065.24,244097.96,0.4936412341200955,No
28,5,8,482064.81,292382.33,0.3934792087395883,No
28,6,6,482064.38,292382.34,0.39347864698072066,No
28,7,5,482063.96,292382.76,0.39347724729307704,No
28,9,4,482063.94,293382.76,0.3914028085154015,No
28,10,3,441496.18,327155.04,0.25898557038477665,No
28,12,2,441493.52,327155.04,0.25898110577025013,No
28,13,13,25.45,2685.12,0.9905218388749851,No
28,17,17,0.42,2.43,0.8271604938271605,No
28,DUMMY,11,0.0,2685.14,1.0,Yes
28,DUMMY,14,0.0,0.0,1.0,Yes
29,2,16,564415.61,240724.9,0.573497090202732,No
29,3,9,563415.61,244097.96,0.5667532889264464,No
29,4,8,545964.39,292382.33,0.4644662997159943,No
29,5,14,0.0,0.0,0.0,No
29,6,6,545117.14,292382.34,0.4636339264621178,No
29,7,5,449710.27,292382.76,0.3498419326736745,No
29,8,4,449709.84,293382.76,0.34761765497503905,No
29,9,2,449709.41,327155.04,0.2725190251189096,No
29,10,11,5388.18,2685.14,0.5016610432465137,No
29,12,10,4767.92,2685.57,0.4367418077484521,No
29,14,3,443401.06,327155.04,0.26216901691664884,No
29,15,17,25.45,2.43,0.9045186640471513,No
29,19,15,0.43,0.43,0.0,No
29,DUMMY,13,0.0,2685.12,1.0,Yes
30,2,10,564415.61,50971.36,0.909691796086221,No
30,3,9,563415.61,51971.36,0.9077566203747888,No
30,4,8,545964.39,85743.61,0.8429501784905788,No
30,5,7,0.0,0.0,0.0,No
30,6,6,545117.14,85743.62,0.8427060649753189,No
30,7,5,449710.27,85744.04,0.8093349302429763,No
30,8,4,449709.84,85744.19,0.8093344143859517,No
30,9,2,449709.41,88337.69,0.8035671746339486,No
30,10,14,5388.18,2685.57,0.5015812389341113,No
30,12,13,4767.92,2685.73,0.4367082501384251,No
30,13,12,0.0,50971.35,1.0,No
30,14,3,443401.06,88337.69,0.8007724880044265,No
30,15,19,25.45,0.43,0.9831041257367387,No
30,DUMMY,15,0.0,2685.14,1.0,Yes
30,DUMMY,20,0.0,0.16,1.0,Yes
30,DUMMY,21,0.0,0.15,1.0,Yes
31,2,12,517176.99,50971.35,0.9014431210483669,No
31,3,10,517176.56,50971.36,0.9014430197687228,No
31,4,9,517176.14,51971.36,0.8995093625162213,No
31,5,8,517175.71,85743.61,0.8342079716002131,No
31,6,6,516175.71,85743.62,0.8338867592200339,No
31,7,7,0.0,0.0,0.0,No
31,8,5,516175.7,85744.04,0.8338859423254524,No
31,9,4,480146.38,85744.19,0.8214207300698592,No
31,10,3,480145.95,88337.69,0.8160190875295313,No
31,12,2,480122.38,88337.69,0.816010055602907,No
31,13,15,25.45,2685.14,0.9905219094721319,No
31,17,20,0.43,0.16,0.627906976744186,No
31,DUMMY,13,0.0,2685.73,1.0,Yes
31,DUMMY,14,0.0,2685.57,1.0,Yes
31,DUMMY,23,0.0,0.15,1.0,Yes
32,2,13,481366.36,693524.43,0.3059129005736684,No
32,3,14,481365.93,693524.43,0.30591352059508564,No
32,4,11,481365.51,696209.56,0.30859106559812255,No
32,5,12,481365.08,696209.56,0.30859168322825103,No
32,6,10,480365.08,735665.27,0.3470330874801253,No
32,7,15,0.0,0.0,0.0,No
32,8,8,480365.06,735665.29,0.3470331324181409,No
32,9,7,442234.08,736665.29,0.39968112248101173,No
32,10,6,442233.65,736665.72,0.3996820566049958,No
32,11,17,0.0,0.0,0.0,No
32,12,5,442214.3,736666.14,0.3997086658550643,No
32,13,16,25.45,2685.12,0.9905218388749851,No
32,15,4,25.38,736666.29,0.9999655474936963,No
32,17,2,0.43,770438.68,0.9999994418764124,No
32,DUMMY,3,0.0,770438.68,1.0,Yes
33,2,19,481366.36,693524.43,0.3059129005736684,No
33,3,20,481365.93,693524.43,0.30591352059508564,No
33,4,17,481365.51,696209.56,0.30859106559812255,No
33,5,18,481365.08,696209.56,0.30859168322825103,No
33,6,4,480365.08,739198.84,0.3501544455886862,No
33,7,14,0.0,0.0,0.0,No
33,8,2,480365.06,739199.27,0.3501548506669927,No
33,9,3,442234.08,739199.27,0.4017390195745188,No
33,10,6,442233.65,41989.25,0.9050518882947962,No
33,12,5,442214.3,42989.27,0.902786341373402,No
33,13,15,25.45,22.3,0.12377210216110014,No
33,17,13,0.43,2086.86,0.9997939488034656,No
33,18,11,0.43,4767.92,0.9999098139230523,No
33,19,9,0.42,4816.93,0.9999128075350897,No
33,DUMMY,7,0.0,8630.04,1.0,Yes
33,DUMMY,8,0.0,8592.37,1.0,Yes
33,DUMMY,16,0.0,0.0,1.0,Yes
33,DUMMY,21,0.0,0.0,1.0,Yes
34,2,13,533527.7,693524.43,0.23070092858877383,No
34,3,14,532527.7,693524.43,0.2321428388614949,No
34,4,11,515943.0,696209.56,0.2589257177106273,No
34,5,15,0.0,0.0,0.0,No
34,6,12,515940.62,696209.56,0.25892913622157104,No
34,7,10,481828.35,735665.27,0.3450440442838902,No
34,8,8,481827.92,735665.29,0.3450446465946491,No
34,9,7,481827.5,735665.44,0.3450453510497924,No
34,10,18,0.0,0.0,0.0,No
34,11,6,481824.9,769437.62,0.37379602000744383,No
34,12,5,26.31,770437.65,0.9999658505785639,No
34,13,4,25.88,770438.08,0.9999664087216458,No
34,14,2,25.45,770438.5,0.9999669668636757,No
34,18,3,0.43,770438.5,0.9999994418762821,No
35,2,13,513965.48,693524.43,0.2589078945640027,No
35,3,14,512965.48,693524.43,0.2603498048367237,No
35,4,11,479132.91,696209.56,0.31179785867921733,No
35,5,12,479132.48,696209.56,0.3117984763093458,No
35,6,10,479132.33,735665.27,0.3487087816446738,No
35,7,8,479131.9,735665.29,0.34870938385580214,No
35,8,7,479131.48,735665.44,0.34871008756371646,No
35,9,15,0.0,0.0,0.0,No
35,10,6,479130.88,769437.62,0.37729730449103854,No
35,11,16,25.45,2685.12,0.9905218388749851,No
35,13,5,25.38,770437.65,0.9999670576846809,No
35,17,4,0.15,770438.08,0.9999998053055736,No
35,DUMMY,2,0.0,770438.5,1.0,Yes
35,DUMMY,3,0.0,770438.5,1.0,Yes
35,DUMMY,17,0.0,0.0,1.0,Yes
36,2,19,480059.85,693524.43,0.3077967707640812,No
36,3,20,479059.85,693524.43,0.3092386810368022,No
36,4,17,445027.26,696209.56,0.36078547959036933,No
36,5,18,445027.09,696209.56,0.36078572376972246,No
36,6,4,445026.67,739127.64,0.39790281689371004,No
36,8,2,445023.84,739128.07,0.3979069960095007,No
36,9,13,26.31,2086.86,0.9873925419050631,No
36,10,11,25.88,4767.92,0.9945720565781305,No
36,11,15,25.45,22.3,0.12377210216110014,No
36,15,9,0.43,4813.13,0.9999106610459305,No
36,16,8,0.43,8588.57,0.9999499334580727,No
36,18,7,0.16,8626.24,0.9999814519419817,No
36,19,6,0.15,41918.05,0.9999964215892676,No
36,DUMMY,3,0.0,739128.07,1.0,Yes
36,DUMMY,5,0.0,42918.07,1.0,Yes
36,DUMMY,14,0.0,0.0,1.0,Yes
36,DUMMY,16,0.0,0.0,1.0,Yes
36,DUMMY,21,0.0,0.0,1.0,Yes
37,2,2,590945.26,486890.2,0.17608240059324615,No
37,3,3,589945.26,486890.2,0.17468580050969473,No
37,4,9,112751.25,452106.13,0.7506088891119437,No
37,5,7,112713.58,452106.38,0.7506923481150608,No
37,6,6,112713.14,452106.8,0.7506935529392612,No
37,7,13,37.67,25.45,0.3243960711441466,No
37,8,16,0.0,0.0,0.0,No
37,11,5,107451.24,452106.96,0.7623322587203701,No
37,12,4,44340.41,453106.96,0.9021414060821313,No
37,14,12,37937.34,3800.89,0.8998113731748193,No
37,15,11,5388.18,3801.32,0.2945076073924776,No
37,17,10,4767.92,3831.41,0.19641898353999232,No
37,18,15,0.0,25.38,1.0,No
37,19,19,0.44,0.43,0.02272727272727275,No
37,DUMMY,23,0.0,0.16,1.0,Yes
37,DUMMY,24,0.0,0.15,1.0,Yes
38,2,13,32716.11,41379.98,0.20937346997267767,No
38,3,8,32715.69,41510.75,0.2118742735315551,No
38,4,7,31715.69,41511.18,0.235972333236492,No
38,5,6,31715.26,41511.35,0.2359858207454106,No
38,6,5,31714.84,42511.35,0.2539677050952275,No
38,7,17,567.67,4767.92,0.8809396969747815,No
38,9,15,567.37,4816.93,0.8822133599616353,No
38,10,24,25.39,0.15,0.9940921622686097,No
38,11,18,0.0,0.0,0.0,No
38,14,4,31114.9,42511.5,0.26808275407830817,No
38,15,9,25.45,25.45,0.0,No
38,19,22,0.42,0.16,0.6190476190476191,No
38,DUMMY,2,0.0,486494.57,1.0,Yes
38,DUMMY,3,0.0,486494.57,1.0,Yes
38,DUMMY,14,0.0,8592.37,1.0,Yes
39,2,17,569.34,15286.6,0.9627556160297254,No
39,3,12,568.92,15375.66,0.9629986615208713,No
39,4,11,568.77,15376.09,0.9630094516876527,No
39,5,26,568.35,43329.71,0.9868831339974351,No
39,6,20,0.43,2.41,0.8215767634854773,No
39,7,18,0.43,2.43,0.8230452674897119,No
39,8,8,0.43,459435.42,0.999999064068678,No
39,9,9,0.0,0.0,0.0,No
39,10,14,0.0,0.0,0.0,No
39,11,19,0.0,0.0,0.0,No
39,13,10,567.92,459430.99,0.9987638622287974,No
39,14,13,25.39,25.45,0.0023575638506875725,No
39,16,15,25.38,25.38,0.0,No
39,18,6,0.42,459435.84,0.9999990858353585,No
39,DUMMY,2,0.0,744944.65,1.0,Yes
39,DUMMY,3,0.0,744944.65,1.0,Yes
39,DUMMY,4,0.0,743944.62,1.0,Yes
39,DUMMY,5,0.0,538404.12,1.0,Yes
39,DUMMY,7,0.0,459435.84,1.0,Yes
39,DUMMY,24,0.0,0.0,1.0,Yes
39,DUMMY,27,0.0,0.0,1.0,Yes
40,2,12,84803.41,459430.99,0.8154164350123616,No
40,3,10,83803.41,459435.42,0.8175947992864808,No
40,4,9,52000.15,459435.84,0.8868173845558065,No
40,5,8,51999.72,493371.86,0.8946033930674523,No
40,6,6,51999.56,493376.45,0.8946046978934645,No
40,7,5,51999.41,493376.87,0.8946050916412032,No
40,8,14,51998.99,15375.66,0.7043084875302387,No
40,10,13,51998.83,15376.09,0.7042993082728978,No
40,11,19,3690.81,15286.6,0.7585591302186229,No
40,12,15,2852.88,25.45,0.9910791901517064,No
40,20,20,0.15,2.43,0.9382716049382717,No
40,DUMMY,2,0.0,545067.63,1.0,Yes
40,DUMMY,3,0.0,545067.63,1.0,Yes
40,DUMMY,4,0.0,494376.87,1.0,Yes
40,DUMMY,7,0.0,0.0,1.0,Yes
40,DUMMY,11,0.0,0.0,1.0,Yes
41,2,12,84810.65,459430.99,0.8154006763888522,No
41,3,10,83810.65,459435.42,0.8175790408149203,No
41,4,9,52008.15,459435.84,0.8867999718959669,No
41,5,8,52007.73,493371.86,0.8945871578488486,No
41,6,6,52007.57,493376.45,0.894588462825901,No
41,8,5,52007.42,493376.87,0.8945888565874602,No
41,9,19,3691.39,15286.6,0.7585211884918818,No
41,10,14,3691.24,15375.66,0.7599296550522059,No
41,11,13,3690.81,15376.09,0.7599643342358168,No
41,12,4,2852.88,494376.87,0.9942293416761184,No
41,19,15,0.15,25.45,0.994106090373281,No
41,20,20,0.16,2.43,0.934156378600823,No
41,DUMMY,2,0.0,545067.63,1.0,Yes
41,DUMMY,3,0.0,545067.63,1.0,Yes
41,DUMMY,7,0.0,0.0,1.0,Yes
41,DUMMY,11,0.0,0.0,1.0,Yes
42,2,10,288502.94,572.11,0.9980169699483825,No
42,3,6,287502.94,16888.85,0.9412567746263744,No
42,4,5,254923.96,16889.27,0.9337478124849465,No
42,5,4,254923.53,16889.42,0.9337471123203103,No
42,6,2,254923.11,67288.49,0.7360439781234428,No
42,7,17,25.45,25.45,0.0,No
42,8,11,0.0,571.68,1.0,No
42,11,3,254897.65,67288.49,0.7360176133440225,No
42,12,9,15221.24,15888.84,0.04201691249959093,No
42,13,12,2.43,2.43,0.0,No
42,15,21,2.41,0.43,0.8215767634854773,No
42,17,7,15216.44,15888.85,0.042319614068985476,No
42,18,16,2.43,567.43,0.9957175334402483,No
43,2,2,48985.17,67288.49,0.2720126428754755,No
43,3,3,48984.75,67288.49,0.27201888465620205,No
43,4,6,47984.75,16888.85,0.6480371367986705,No
43,5,5,47984.32,16889.27,0.6480252299084367,No
43,6,12,2.43,2.43,0.0,No
43,7,10,0.0,572.11,1.0,No
43,8,21,2.41,0.43,0.8215767634854773,No
43,10,4,47978.62,16889.42,0.6479802878865628,No
43,11,9,15378.81,15888.84,0.032099888978679415,No
43,12,17,28.6,25.45,0.11013986013986021,No
43,16,7,15286.6,15888.85,0.03790393892572464,No
43,17,16,2.43,567.43,0.9957175334402483,No
43,DUMMY,11,0.0,571.68,1.0,Yes
44,2,10,304279.34,572.11,0.9981197869037051,No
44,3,6,303279.34,16888.85,0.9443125601631817,No
44,4,5,270700.36,16889.27,0.9376089858173813,No
44,5,4,270699.93,16889.42,0.9376083325917374,No
44,6,2,270699.51,67288.49,0.751427366824565,No
44,7,17,25.45,25.45,0.0,No
44,8,11,0.0,571.68,1.0,No
44,11,3,270674.0,67288.49,0.7514039397947346,No
44,12,9,15385.62,15888.84,0.03167128626130034,No
44,13,12,2.43,2.43,0.0,No
44,15,21,2.41,0.43,0.8215767634854773,No
44,17,7,15374.41,15888.85,0.03237742190278091,No
44,18,16,2.43,567.43,0.9957175334402483,No
45,2,10,48960.1,459430.99,0.8934331791592901,No
45,3,8,47960.1,459435.42,0.89561079117496,No
45,4,7,47959.95,459435.84,0.8956112130912556,No
45,5,6,47959.52,460435.84,0.8958388643247233,No
45,6,5,47959.1,461273.78,0.896028991719408,No
45,7,18,2.43,2.43,0.0,No
45,11,11,47955.04,15376.09,0.6793644630470541,No
45,12,12,15375.66,15375.66,0.0,No
45,13,13,25.45,25.45,0.0,No
45,17,17,15286.6,15286.6,0.0,No
45,18,4,2.43,461273.93,0.9999947319806259,No
45,DUMMY,2,0.0,495260.54,1.0,Yes
45,DUMMY,3,0.0,495260.54,1.0,Yes
46,2,16,48960.1,50963.05,0.03930200409904831,No
46,3,11,48959.95,50965.65,0.03935395702791987,No
46,4,10,48959.53,50966.08,0.039370302758226706,No
46,5,9,47959.53,66269.41,0.27629459806568374,No
46,6,7,47959.1,66269.42,0.2763011959362252,No
46,7,12,2.43,2.43,0.0,No
46,9,3,2.41,101042.3,0.9999761486031098,No
46,10,DUMMY,0.0,0.0,1.0,Yes
46,11,6,47955.04,67269.42,0.28711976407705014,No
46,12,5,15375.66,67269.84,0.7714330820468727,No
46,13,17,25.45,2685.14,0.9905219094721319,No
46,17,4,15286.6,67269.99,0.7727575104441075,No
46,18,2,2.43,101042.3,0.9999759506662061,No
47,2,16,48960.1,50963.05,0.03930200409904831,No
47,3,11,48959.95,50965.65,0.03935395702791987,No
47,4,10,48959.53,50966.08,0.039370302758226706,No
47,5,9,47959.53,66269.41,0.27629459806568374,No
47,6,7,47959.1,66269.42,0.2763011959362252,No
47,7,12,2.43,2.43,0.0,No
47,9,3,2.41,101042.3,0.9999761486031098,No
47,10,DUMMY,0.0,0.0,1.0,Yes
47,11,6,47955.04,67269.42,0.28711976407705014,No
47,12,5,15375.66,67269.84,0.7714330820468727,No
47,13,17,25.45,2685.14,0.9905219094721319,No
47,17,4,15286.6,67269.99,0.7727575104441075,No
47,18,2,2.43,101042.3,0.9999759506662061,No
48,2,12,48960.11,239349.93,0.7954454801804204,No
48,3,7,48959.69,239375.41,0.7954690082828474,No
48,4,6,47959.69,271954.25,0.8236479481383358,No
48,5,4,47959.53,271954.26,0.823648542957187,No
48,6,3,47959.1,287828.74,0.8333762639547392,No
48,7,14,2.43,2.43,0.0,No
48,9,DUMMY,2.41,0.0,1.0,Yes
48,10,DUMMY,0.0,0.0,1.0,Yes
48,11,2,47955.04,288828.76,0.8339672268094077,No
48,12,DUMMY,15375.66,0.0,1.0,Yes
48,13,8,25.45,25.45,0.0,No
48,17,DUMMY,15286.6,0.0,1.0,Yes
48,18,13,2.43,2.86,0.15034965034965025,No
48,22,18,0.43,0.43,0.0,No
48,23,DUMMY,0.16,0.0,1.0,Yes
48,24,DUMMY,0.15,0.0,1.0,Yes
48,25,DUMMY,0.42,0.0,1.0,Yes
49,2,3,273474.87,287828.74,0.04986948141453837,No
49,3,2,272474.87,288828.76,0.05662140432275516,No
49,4,6,272474.45,271954.25,0.0019091698322540394,No
49,6,4,272474.43,271954.26,0.0019090598703151106,No
49,7,12,16742.01,239349.93,0.9300521625387564,No
49,8,7,16741.85,239375.41,0.9300602764502837,No
49,9,DUMMY,16741.42,0.0,1.0,Yes
49,10,13,2.45,2.86,0.14335664335664325,No
49,14,DUMMY,16677.27,0.0,1.0,Yes
49,15,14,2.43,2.43,0.0,No
49,19,18,0.43,0.43,0.0,No
49,20,DUMMY,0.16,0.0,1.0,Yes
49,21,DUMMY,0.15,0.0,1.0,Yes
49,22,8,0.42,25.45,0.9834970530451865,No
50,2,3,272295.78,287828.74,0.053965979908747,No
50,3,6,271295.78,271954.25,0.002421252839402113,No
50,4,4,271295.63,271954.26,0.0024218410846000523,No
50,5,2,271295.21,288828.76,0.0607056928818307,No
50,7,7,271295.19,239375.41,0.11765700674604662,No
50,8,12,15591.98,239349.93,0.9348569686233039,No
50,9,DUMMY,15591.55,0.0,1.0,Yes
50,10,13,2.45,2.86,0.14335664335664325,No
50,14,DUMMY,15572.27,0.0,1.0,Yes
50,15,14,2.43,2.43,0.0,No
50,19,18,0.43,0.43,0.0,No
50,20,8,0.42,25.45,0.9834970530451865,No
50,21,DUMMY,0.15,0.0,1.0,Yes
51,2,3,273486.96,287828.74,0.04982747726999038,No
51,3,2,272486.96,288828.76,0.05657954561034707,No
51,4,6,272486.54,271954.25,0.0019534542880539313,No
51,6,4,272486.53,271954.26,0.0019533809616204463,No
51,7,12,16742.01,239349.93,0.9300521625387564,No
51,8,7,16741.85,239375.41,0.9300602764502837,No
51,9,DUMMY,16741.42,0.0,1.0,Yes
51,10,13,2.45,2.86,0.14335664335664325,No
51,14,DUMMY,16677.27,0.0,1.0,Yes
51,15,14,2.43,2.43,0.0,No
51,19,18,0.43,0.43,0.0,No
51,20,DUMMY,0.16,0.0,1.0,Yes
51,21,DUMMY,0.15,0.0,1.0,Yes
51,22,8,0.42,25.45,0.9834970530451865,No
52,2,DUMMY,349733.95,0.0,1.0,Yes
52,3,DUMMY,348733.95,0.0,1.0,Yes
52,4,DUMMY,340430.97,0.0,1.0,Yes
52,5,11,0.0,0.0,0.0,No
52,6,DUMMY,340430.93,0.0,1.0,Yes
52,7,6,290029.55,271954.25,0.06232227026521949,No
52,8,4,290029.13,271954.26,0.06232087790629857,No
52,9,3,290028.7,287828.74,0.007585318280570236,No
52,11,2,290028.69,288828.76,0.004137280349747444,No
52,12,DUMMY,254874.21,0.0,1.0,Yes
52,13,DUMMY,254874.06,0.0,1.0,Yes
52,14,12,254873.64,239349.93,0.060907475563185036,No
52,16,7,254873.63,239375.41,0.060807467606593904,No
52,17,14,2.43,2.43,0.0,No
52,21,10,0.42,25.38,0.983451536643026,No
52,22,8,0.15,25.45,0.994106090373281,No
52,23,13,0.43,2.86,0.8496503496503496,No
53,2,DUMMY,349733.06,0.0,1.0,Yes
53,3,DUMMY,348733.06,0.0,1.0,Yes
53,4,DUMMY,340430.1,0.0,1.0,Yes
53,5,11,0.0,0.0,0.0,No
53,6,DUMMY,340430.09,0.0,1.0,Yes
53,7,DUMMY,290028.42,0.0,1.0,Yes
53,8,DUMMY,290028.0,0.0,1.0,Yes
53,9,6,290027.85,271954.25,0.062316774061525394,No
53,10,4,290027.42,271954.26,0.06231534935558843,No
53,11,3,290026.99,287828.74,0.007579467000640182,No
53,13,2,290026.98,288828.76,0.004131408739972992,No
53,14,12,254873.64,239349.93,0.060907475563185036,No
53,16,7,254873.63,239375.41,0.060807467606593904,No
53,17,14,2.43,2.43,0.0,No
53,21,13,0.43,2.86,0.8496503496503496,No
53,22,10,0.43,25.38,0.9830575256107171,No
53,23,8,0.42,25.45,0.9834970530451865,No
53,24,DUMMY,0.15,0.0,1.0,Yes
54,2,DUMMY,363897.0,0.0,1.0,Yes
54,3,DUMMY,362897.0,0.0,1.0,Yes
54,4,DUMMY,354593.83,0.0,1.0,Yes
54,5,11,0.0,0.0,0.0,No
54,6,DUMMY,354593.61,0.0,1.0,Yes
54,7,DUMMY,304187.78,0.0,1.0,Yes
54,8,3,304187.36,287828.74,0.05377810570432642,No
54,10,2,304187.35,288828.76,0.0504905611623888,No
54,11,6,270411.84,271954.25,0.005671578951238947,No
54,12,4,270411.69,271954.26,0.005672167076919504,No
54,13,DUMMY,270411.26,0.0,1.0,Yes
54,14,12,270410.84,239349.93,0.11486562446978837,No
54,16,7,270410.83,239375.41,0.11477136474156753,No
54,17,14,2.43,2.43,0.0,No
54,21,10,0.42,25.38,0.983451536643026,No
54,22,13,0.43,2.86,0.8496503496503496,No
54,23,8,0.15,25.45,0.994106090373281,No
55,2,DUMMY,333404.25,0.0,1.0,Yes
55,3,DUMMY,332404.25,0.0,1.0,Yes
55,4,DUMMY,324093.28,0.0,1.0,Yes
55,5,11,0.0,0.0,0.0,No
55,6,2,324085.78,288828.76,0.10878916069689949,No
55,7,3,273424.7,287828.74,0.050043786454403334,No
55,8,6,273424.28,271954.25,0.005376369647933343,No
55,10,4,273423.68,271954.26,0.00537415047592068,No
55,11,DUMMY,239590.1,0.0,1.0,Yes
55,12,DUMMY,239589.94,0.0,1.0,Yes
55,13,12,239589.52,239349.93,0.0010000020034265126,No
55,15,7,239589.2,239375.41,8.923190193882201E-4,No
55,16,13,2.86,2.86,0.0,No
55,17,14,2.43,2.43,0.0,No
55,21,10,0.43,25.38,0.9830575256107171,No
55,22,8,0.42,25.45,0.9834970530451865,No
55,23,DUMMY,0.16,0.0,1.0,Yes
55,24,DUMMY,0.15,0.0,1.0,Yes
56,2,6,562544.77,271954.25,0.5165642549658759,No
56,3,4,561544.77,271954.26,0.5157033338588479,No
56,4,3,544964.67,287828.74,0.4718396332004422,No
56,5,11,0.0,0.0,0.0,No
56,6,2,544964.52,288828.76,0.47000446928178,No
56,7,12,84743.43,239349.93,0.6459433683561135,No
56,8,7,84743.0,239375.41,0.6459828517891625,No
56,10,DUMMY,84742.99,0.0,1.0,Yes
56,11,DUMMY,50970.38,0.0,1.0,Yes
56,12,DUMMY,50969.96,0.0,1.0,Yes
56,14,DUMMY,50969.94,0.0,1.0,Yes
56,15,10,2685.57,25.38,0.9905494922865536,No
56,16,8,2685.14,25.45,0.9905219094721319,No
56,20,14,0.43,2.43,0.8230452674897119,No
56,21,13,0.42,2.86,0.8531468531468531,No
57,2,DUMMY,562791.94,0.0,1.0,Yes
57,3,11,561791.94,2.43,0.9999956745552454,No
57,4,16,545206.08,25.45,0.9999533204031769,No
57,5,14,0.0,0.0,0.0,No
57,6,15,545200.33,567.43,0.9989592266020821,No
57,7,8,84776.46,15888.84,0.8125795769250097,No
57,8,6,84776.03,15888.85,0.8125785083354339,No
57,9,17,0.0,0.0,0.0,No
57,10,5,84775.69,16888.85,0.8007819222704056,No
57,11,4,50970.47,16889.27,0.6686459826640797,No
57,12,3,50970.05,50661.55,0.00605257401160093,No
57,14,2,50969.87,50661.55,0.006049063888136259,No
57,15,10,2685.57,571.68,0.787128989376557,No
57,16,9,2685.14,572.11,0.7869347594538831,No
57,22,13,0.43,2.41,0.8215767634854773,No
58,2,DUMMY,562633.45,0.0,1.0,Yes
58,3,11,561633.45,2.43,0.9999956733346277,No
58,4,16,545051.28,25.45,0.9999533071457057,No
58,5,14,0.0,0.0,0.0,No
58,6,15,545049.11,567.43,0.9989589378469033,No
58,7,8,84755.17,15888.84,0.8125324980175251,No
58,8,6,84754.74,15888.85,0.8125314289206715,No
58,9,17,0.0,0.0,0.0,No
58,10,5,84754.61,16888.85,0.8007323731417089,No
58,11,4,50970.39,16889.27,0.6686454625911239,No
58,12,3,50969.97,50661.55,0.006051013959788445,No
58,14,2,50969.91,50661.55,0.006049843917715385,No
58,15,10,2685.57,571.68,0.787128989376557,No
58,16,9,2685.14,572.11,0.7869347594538831,No
58,22,13,0.43,2.41,0.8215767634854773,No
59,2,DUMMY,562608.85,0.0,1.0,Yes
59,3,11,561608.85,2.43,0.999995673145108,No
59,4,16,545027.26,25.45,0.999953305087896,No
59,5,14,0.0,0.0,0.0,No
59,6,15,545025.66,567.43,0.9989588930546865,No
59,7,8,84752.04,15888.84,0.8125255746056378,No
59,8,6,84751.61,15888.85,0.812524505434174,No
59,9,17,0.0,0.0,0.0,No
59,10,5,84751.51,16888.85,0.8007250844262245,No
59,11,4,50970.41,16889.27,0.668645592609516,No
59,12,3,50969.99,50661.55,0.006051403973200605,No
59,14,2,50969.94,50661.55,0.006050428939096248,No
59,15,10,2685.57,571.68,0.787128989376557,No
59,16,9,2685.14,572.11,0.7869347594538831,No
59,22,13,0.43,2.41,0.8215767634854773,No
60,2,2,546203.95,346154.4,0.36625430848678403,No
60,3,3,545203.95,346154.4,0.36509190734953395,No
60,4,27,84776.02,240724.9,0.6478302826172117,No
60,5,6,84775.59,293898.35,0.7115479212455599,No
60,7,5,84775.25,294898.35,0.7125272148860785,No
60,8,10,50970.02,52485.29,0.028870374918381972,No
60,9,8,50969.6,52485.54,0.028883002823253838,No
60,11,7,50969.43,52485.96,0.02889401279885133,No
60,12,17,2685.57,4767.92,0.4367418077484521,No
60,13,19,2685.14,2086.86,0.22281147351720945,No
60,DUMMY,4,0.0,295736.28,1.0,Yes
60,DUMMY,11,0.0,8693.97,1.0,Yes
60,DUMMY,12,0.0,8693.81,1.0,Yes
60,DUMMY,13,0.0,8663.71,1.0,Yes
60,DUMMY,14,0.0,8663.28,1.0,Yes
60,DUMMY,15,0.0,4887.84,1.0,Yes
60,DUMMY,18,0.0,0.0,1.0,Yes
60,DUMMY,20,0.0,0.0,1.0,Yes
60,DUMMY,22,0.0,30.0,1.0,Yes
60,DUMMY,23,0.0,0.0,1.0,Yes
60,DUMMY,24,0.0,0.16,1.0,Yes
60,DUMMY,28,0.0,2.43,1.0,Yes
60,DUMMY,30,0.0,2.41,1.0,Yes
60,DUMMY,31,0.0,0.0,1.0,Yes
61,2,27,546183.32,240724.9,0.5592598836595741,No
61,3,6,545183.32,328474.03,0.3974980195652353,No
61,4,5,511411.14,329474.03,0.3557550779984964,No
61,5,4,511410.71,330311.97,0.3541160489188817,No
61,6,2,511410.29,380812.25,0.2553684244405798,No
61,8,3,511410.28,380812.25,0.2553684098802238,No
61,9,15,50963.66,53150.62,0.041146462637688876,No
61,10,13,50963.23,53154.13,0.04121786961803334,No
61,12,12,50963.05,53154.55,0.04122883177451413,No
61,13,21,2685.14,2086.86,0.22281147351720945,No
61,18,23,0.42,0.42,0.0,No
61,DUMMY,7,0.0,87061.65,1.0,Yes
61,DUMMY,8,0.0,87061.23,1.0,Yes
61,DUMMY,9,0.0,0.0,1.0,Yes
61,DUMMY,10,0.0,87059.93,1.0,Yes
61,DUMMY,11,0.0,53154.72,1.0,Yes
61,DUMMY,16,0.0,3805.53,1.0,Yes
61,DUMMY,17,0.0,30.1,1.0,Yes
61,DUMMY,19,0.0,30.0,1.0,Yes
61,DUMMY,20,0.0,0.0,1.0,Yes
61,DUMMY,22,0.0,0.0,1.0,Yes
61,DUMMY,24,0.0,0.16,1.0,Yes
61,DUMMY,28,0.0,2.43,1.0,Yes
61,DUMMY,30,0.0,2.41,1.0,Yes
61,DUMMY,31,0.0,0.0,1.0,Yes
62,2,27,546183.32,240724.9,0.5592598836595741,No
62,3,6,545183.32,287180.06,0.47324129432279766,No
62,4,5,511411.14,288180.06,0.4365002295413432,No
62,5,4,511410.71,289017.99,0.43486128790693496,No
62,6,2,511410.29,339424.28,0.33629751564052407,No
62,8,3,511410.28,339424.28,0.33629750266263714,No
62,9,10,50963.66,45767.15,0.10196500800766667,No
62,10,8,50963.23,45767.25,0.10195546867810386,No
62,12,7,50963.05,45767.67,0.10194405554612615,No
62,13,19,2685.14,2086.86,0.22281147351720945,No
62,18,21,0.42,0.43,0.023255813953488393,No
62,DUMMY,11,0.0,8623.06,1.0,Yes
62,DUMMY,12,0.0,8622.9,1.0,Yes
62,DUMMY,13,0.0,8592.8,1.0,Yes
62,DUMMY,14,0.0,8592.37,1.0,Yes
62,DUMMY,15,0.0,4816.93,1.0,Yes
62,DUMMY,17,0.0,4767.92,1.0,Yes
62,DUMMY,18,0.0,0.0,1.0,Yes
62,DUMMY,20,0.0,0.0,1.0,Yes
62,DUMMY,22,0.0,30.0,1.0,Yes
62,DUMMY,23,0.0,0.0,1.0,Yes
62,DUMMY,24,0.0,0.16,1.0,Yes
62,DUMMY,28,0.0,2.43,1.0,Yes
62,DUMMY,30,0.0,2.41,1.0,Yes
62,DUMMY,31,0.0,0.0,1.0,Yes
63,2,27,546183.32,240724.9,0.5592598836595741,No
63,3,6,545183.32,289674.13,0.4686665578836857,No
63,4,5,511411.14,290674.13,0.43162339013577217,No
63,5,4,511410.71,291512.06,0.4299844444008613,No
63,6,2,511410.29,341922.28,0.33141298349706644,No
63,8,3,511410.28,341922.28,0.3314129704236684,No
63,9,10,50963.66,48261.17,0.05302778489613982,No
63,10,8,50963.23,48261.32,0.053016851561410124,No
63,12,7,50963.05,48261.74,0.05300526557967007,No
63,13,19,2685.14,2086.86,0.22281147351720945,No
63,18,21,0.42,0.43,0.023255813953488393,No
63,DUMMY,11,0.0,8649.38,1.0,Yes
63,DUMMY,12,0.0,8649.22,1.0,Yes
63,DUMMY,13,0.0,8619.12,1.0,Yes
63,DUMMY,14,0.0,8618.69,1.0,Yes
63,DUMMY,15,0.0,4843.26,1.0,Yes
63,DUMMY,17,0.0,4767.92,1.0,Yes
63,DUMMY,18,0.0,0.0,1.0,Yes
63,DUMMY,20,0.0,0.0,1.0,Yes
63,DUMMY,22,0.0,30.0,1.0,Yes
63,DUMMY,23,0.0,0.0,1.0,Yes
63,DUMMY,24,0.0,0.16,1.0,Yes
63,DUMMY,28,0.0,2.43,1.0,Yes
63,DUMMY,30,0.0,2.41,1.0,Yes
63,DUMMY,31,0.0,0.0,1.0,Yes
64,2,2,546203.85,341676.47,0.374452468615884,No
64,3,3,545203.85,341676.47,0.3733051041367371,No
64,4,27,84776.02,240724.9,0.6478302826172117,No
64,5,6,84775.59,289428.31,0.7070929585291778,No
64,7,5,84775.25,290428.31,0.7081026639586203,No
64,8,10,50970.02,48015.36,0.05796858623951877,No
64,9,8,50969.6,48015.51,0.0579578807759919,No
64,11,7,50969.43,48015.93,0.05794649851881804,No
64,12,17,2685.57,4767.92,0.4367418077484521,No
64,13,19,2685.14,2086.86,0.22281147351720945,No
64,DUMMY,4,0.0,291266.25,1.0,Yes
64,DUMMY,11,0.0,8646.78,1.0,Yes
64,DUMMY,12,0.0,8646.62,1.0,Yes
64,DUMMY,13,0.0,8616.52,1.0,Yes
64,DUMMY,14,0.0,8616.09,1.0,Yes
64,DUMMY,15,0.0,4840.66,1.0,Yes
64,DUMMY,18,0.0,0.0,1.0,Yes
64,DUMMY,20,0.0,0.0,1.0,Yes
64,DUMMY,22,0.0,30.0,1.0,Yes
64,DUMMY,23,0.0,0.0,1.0,Yes
64,DUMMY,24,0.0,0.16,1.0,Yes
64,DUMMY,28,0.0,2.43,1.0,Yes
64,DUMMY,30,0.0,2.41,1.0,Yes
64,DUMMY,31,0.0,0.0,1.0,Yes
65,2,6,546246.09,282519.57,0.4827980004396919,No
65,3,5,545246.09,283519.57,0.4800154000187328,No
65,4,4,511416.46,283519.57,0.44561899708898695,No
65,5,3,511416.04,334756.01,0.345433103740743,No
65,7,2,511415.41,334756.01,0.34543229739596615,No
65,8,9,50970.03,41106.61,0.19351411015453587,No
65,9,8,50969.6,41107.03,0.19349906610999498,No
65,11,7,50969.43,41107.18,0.19349343322065796,No
65,12,17,2685.57,4767.92,0.4367418077484521,No
65,13,15,2685.14,4768.06,0.4368485295906512,No
65,15,19,2685.12,2086.86,0.22280568466213793,No
65,17,21,0.43,0.43,0.0,No
65,DUMMY,11,0.0,41106.6,1.0,Yes
65,DUMMY,12,0.0,8544.07,1.0,Yes
65,DUMMY,13,0.0,8543.92,1.0,Yes
65,DUMMY,14,0.0,8543.49,1.0,Yes
65,DUMMY,18,0.0,0.0,1.0,Yes
65,DUMMY,20,0.0,0.0,1.0,Yes
65,DUMMY,22,0.0,0.15,1.0,Yes
65,DUMMY,25,0.0,240724.9,1.0,Yes
65,DUMMY,26,0.0,2.43,1.0,Yes
65,DUMMY,28,0.0,2.41,1.0,Yes
65,DUMMY,29,0.0,0.0,1.0,Yes
66,2,22,257306.57,447642.32,0.42519605831727436,No
66,3,20,257306.14,447764.52,0.42535388913797817,No
66,4,43,256306.14,240724.9,0.060791520640122075,No
66,5,41,256305.71,241412.39,0.05810764028628148,No
66,7,40,256287.45,251824.51,0.01741380625543702,No
66,8,28,15352.64,2086.86,0.8640715863851428,No
66,9,44,2.43,2.43,0.0,No
66,13,23,15286.6,3800.89,0.7513580521502493,No
66,14,36,2.43,0.42,0.8271604938271605,No
66,DUMMY,2,0.0,806463.73,1.0,Yes
66,DUMMY,3,0.0,806463.73,1.0,Yes
66,DUMMY,4,0.0,805438.28,1.0,Yes
66,DUMMY,5,0.0,804438.26,1.0,Yes
66,DUMMY,6,0.0,788563.76,1.0,Yes
66,DUMMY,7,0.0,536059.64,1.0,Yes
66,DUMMY,8,0.0,536059.49,1.0,Yes
66,DUMMY,9,0.0,0.0,1.0,Yes
66,DUMMY,10,0.0,536059.48,1.0,Yes
66,DUMMY,11,0.0,502287.26,1.0,Yes
66,DUMMY,12,0.0,502286.84,1.0,Yes
66,DUMMY,13,0.0,0.0,1.0,Yes
66,DUMMY,14,0.0,502286.82,1.0,Yes
66,DUMMY,15,0.0,502267.42,1.0,Yes
66,DUMMY,16,0.0,502267.27,1.0,Yes
66,DUMMY,17,0.0,502266.85,1.0,Yes
66,DUMMY,18,0.0,502266.42,1.0,Yes
66,DUMMY,19,0.0,501693.74,1.0,Yes
66,DUMMY,21,0.0,0.0,1.0,Yes
66,DUMMY,24,0.0,25.45,1.0,Yes
66,DUMMY,25,0.0,0.0,1.0,Yes
66,DUMMY,26,0.0,25.38,1.0,Yes
66,DUMMY,27,0.0,0.0,1.0,Yes
66,DUMMY,29,0.0,0.0,1.0,Yes
66,DUMMY,30,0.0,572.68,1.0,Yes
66,DUMMY,31,0.0,25.45,1.0,Yes
66,DUMMY,32,0.0,0.0,1.0,Yes
66,DUMMY,33,0.0,25.38,1.0,Yes
66,DUMMY,34,0.0,0.0,1.0,Yes
66,DUMMY,37,0.0,0.15,1.0,Yes
66,DUMMY,38,0.0,0.42,1.0,Yes
66,DUMMY,48,0.0,1025.45,1.0,Yes
66,DUMMY,49,0.0,25.45,1.0,Yes
67,2,6,755488.68,788563.76,0.04194344411668114,No
67,3,5,754488.68,804438.26,0.06209249669452564,No
67,4,22,254627.14,447642.32,0.4311817077527433,No
67,5,43,254626.71,240724.9,0.054596825289852734,No
67,6,41,254626.28,241412.39,0.05189523249524749,No
67,8,40,254626.27,251824.51,0.011003420817498447,No
67,9,28,15221.24,2086.86,0.8628981607280353,No
67,10,44,2.43,2.43,0.0,No
67,14,23,15216.44,3800.89,0.7502116132288499,No
67,15,36,2.43,0.42,0.8271604938271605,No
67,DUMMY,2,0.0,806463.73,1.0,Yes
67,DUMMY,3,0.0,806463.73,1.0,Yes
67,DUMMY,4,0.0,805438.28,1.0,Yes
67,DUMMY,7,0.0,536059.64,1.0,Yes
67,DUMMY,8,0.0,536059.49,1.0,Yes
67,DUMMY,9,0.0,0.0,1.0,Yes
67,DUMMY,10,0.0,536059.48,1.0,Yes
67,DUMMY,11,0.0,502287.26,1.0,Yes
67,DUMMY,12,0.0,502286.84,1.0,Yes
67,DUMMY,13,0.0,0.0,1.0,Yes
67,DUMMY,14,0.0,502286.82,1.0,Yes
67,DUMMY,15,0.0,502267.42,1.0,Yes
67,DUMMY,16,0.0,502267.27,1.0,Yes
67,DUMMY,17,0.0,502266.85,1.0,Yes
67,DUMMY,18,0.0,502266.42,1.0,Yes
67,DUMMY,19,0.0,501693.74,1.0,Yes
67,DUMMY,20,0.0,447764.52,1.0,Yes
67,DUMMY,21,0.0,0.0,1.0,Yes
67,DUMMY,24,0.0,25.45,1.0,Yes
67,DUMMY,25,0.0,0.0,1.0,Yes
67,DUMMY,26,0.0,25.38,1.0,Yes
67,DUMMY,27,0.0,0.0,1.0,Yes
67,DUMMY,29,0.0,0.0,1.0,Yes
67,DUMMY,30,0.0,572.68,1.0,Yes
67,DUMMY,31,0.0,25.45,1.0,Yes
67,DUMMY,32,0.0,0.0,1.0,Yes
67,DUMMY,33,0.0,25.38,1.0,Yes
67,DUMMY,34,0.0,0.0,1.0,Yes
67,DUMMY,37,0.0,0.15,1.0,Yes
67,DUMMY,38,0.0,0.42,1.0,Yes
67,DUMMY,48,0.0,1025.45,1.0,Yes
67,DUMMY,49,0.0,25.45,1.0,Yes
68,2,6,786859.21,788563.76,0.002161588049646165,No
68,3,5,785859.21,804438.26,0.02309568169967456,No
68,4,22,285976.58,447642.32,0.36114936585977836,No
68,5,43,285976.15,240724.9,0.15823434926304178,No
68,6,41,285975.72,241412.39,0.15582906828593687,No
68,8,40,285975.49,251824.51,0.11941925512567522,No
68,9,28,15352.64,2086.86,0.8640715863851428,No
68,10,44,2.43,2.43,0.0,No
68,14,23,15286.6,3800.89,0.7513580521502493,No
68,15,36,2.43,0.42,0.8271604938271605,No
68,DUMMY,2,0.0,806463.73,1.0,Yes
68,DUMMY,3,0.0,806463.73,1.0,Yes
68,DUMMY,4,0.0,805438.28,1.0,Yes
68,DUMMY,7,0.0,536059.64,1.0,Yes
68,DUMMY,8,0.0,536059.49,1.0,Yes
68,DUMMY,9,0.0,0.0,1.0,Yes
68,DUMMY,10,0.0,536059.48,1.0,Yes
68,DUMMY,11,0.0,502287.26,1.0,Yes
68,DUMMY,12,0.0,502286.84,1.0,Yes
68,DUMMY,13,0.0,0.0,1.0,Yes
68,DUMMY,14,0.0,502286.82,1.0,Yes
68,DUMMY,15,0.0,502267.42,1.0,Yes
68,DUMMY,16,0.0,502267.27,1.0,Yes
68,DUMMY,17,0.0,502266.85,1.0,Yes
68,DUMMY,18,0.0,502266.42,1.0,Yes
68,DUMMY,19,0.0,501693.74,1.0,Yes
68,DUMMY,20,0.0,447764.52,1.0,Yes
68,DUMMY,21,0.0,0.0,1.0,Yes
68,DUMMY,24,0.0,25.45,1.0,Yes
68,DUMMY,25,0.0,0.0,1.0,Yes
68,DUMMY,26,0.0,25.38,1.0,Yes
68,DUMMY,27,0.0,0.0,1.0,Yes
68,DUMMY,29,0.0,0.0,1.0,Yes
68,DUMMY,30,0.0,572.68,1.0,Yes
68,DUMMY,31,0.0,25.45,1.0,Yes
68,DUMMY,32,0.0,0.0,1.0,Yes
68,DUMMY,33,0.0,25.38,1.0,Yes
68,DUMMY,34,0.0,0.0,1.0,Yes
68,DUMMY,37,0.0,0.15,1.0,Yes
68,DUMMY,38,0.0,0.42,1.0,Yes
68,DUMMY,48,0.0,1025.45,1.0,Yes
68,DUMMY,49,0.0,25.45,1.0,Yes
69,2,5,788738.8,804438.26,0.019516053351316186,No
69,3,6,787738.8,788563.76,0.0010461551010155002,No
69,4,4,771157.68,805438.28,0.04256142382505085,No
69,5,2,771157.25,806463.73,0.04377937740609857,No
69,7,3,771157.24,806463.73,0.043779389805912276,No
69,8,12,735546.82,502286.84,0.3171245849448441,No
69,9,11,735546.39,502287.26,0.3171236147321721,No
69,10,10,735545.97,536059.48,0.27120873220201314,No
69,11,8,735545.54,536059.49,0.2712082925552102,No
69,13,7,735545.44,536059.64,0.2712079895431069,No
69,14,19,480148.37,501693.74,0.042945263777857776,No
69,15,44,2.43,2.43,0.0,No
69,19,18,480122.38,502266.42,0.04408823508447963,No
69,20,24,25.45,25.45,0.0,No
69,25,36,0.42,0.42,0.0,No
69,DUMMY,9,0.0,0.0,1.0,Yes
69,DUMMY,13,0.0,0.0,1.0,Yes
69,DUMMY,14,0.0,502286.82,1.0,Yes
69,DUMMY,15,0.0,502267.42,1.0,Yes
69,DUMMY,16,0.0,502267.27,1.0,Yes
69,DUMMY,17,0.0,502266.85,1.0,Yes
69,DUMMY,20,0.0,447764.52,1.0,Yes
69,DUMMY,21,0.0,0.0,1.0,Yes
69,DUMMY,22,0.0,447642.32,1.0,Yes
69,DUMMY,23,0.0,3800.89,1.0,Yes
69,DUMMY,26,0.0,25.38,1.0,Yes
69,DUMMY,27,0.0,0.0,1.0,Yes
69,DUMMY,28,0.0,2086.86,1.0,Yes
69,DUMMY,29,0.0,0.0,1.0,Yes
69,DUMMY,30,0.0,572.68,1.0,Yes
69,DUMMY,31,0.0,25.45,1.0,Yes
69,DUMMY,32,0.0,0.0,1.0,Yes
69,DUMMY,33,0.0,25.38,1.0,Yes
69,DUMMY,34,0.0,0.0,1.0,Yes
69,DUMMY,37,0.0,0.15,1.0,Yes
69,DUMMY,40,0.0,251824.51,1.0,Yes
69,DUMMY,41,0.0,241412.39,1.0,Yes
69,DUMMY,43,0.0,240724.9,1.0,Yes
69,DUMMY,48,0.0,1025.45,1.0,Yes
69,DUMMY,49,0.0,25.45,1.0,Yes
70,2,6,752693.81,788563.76,0.04548769778616247,No
70,3,5,751693.81,804438.26,0.06556680931610581,No
70,4,4,713685.16,805438.28,0.11391700925861134,No
70,5,2,713684.73,806463.73,0.11504423143741381,No
70,6,3,713684.3,806463.73,0.11504476462940241,No
70,7,12,713683.88,502286.84,0.2962054292160837,No
70,9,11,713683.86,502287.26,0.29620482099735307,No
70,10,10,697103.42,536059.48,0.23101872029260745,No
70,11,8,697102.99,536059.49,0.23101823161022447,No
70,13,7,697102.98,536059.64,0.2310180054028746,No
70,14,41,254900.57,241412.39,0.05291545640717866,No
70,15,24,25.45,25.45,0.0,No
70,19,40,254875.06,251824.51,0.011968805421762287,No
70,20,44,2.43,2.43,0.0,No
70,25,36,0.42,0.42,0.0,No
70,DUMMY,9,0.0,0.0,1.0,Yes
70,DUMMY,13,0.0,0.0,1.0,Yes
70,DUMMY,14,0.0,502286.82,1.0,Yes
70,DUMMY,15,0.0,502267.42,1.0,Yes
70,DUMMY,16,0.0,502267.27,1.0,Yes
70,DUMMY,17,0.0,502266.85,1.0,Yes
70,DUMMY,18,0.0,502266.42,1.0,Yes
70,DUMMY,19,0.0,501693.74,1.0,Yes
70,DUMMY,20,0.0,447764.52,1.0,Yes
70,DUMMY,21,0.0,0.0,1.0,Yes
70,DUMMY,22,0.0,447642.32,1.0,Yes
70,DUMMY,23,0.0,3800.89,1.0,Yes
70,DUMMY,26,0.0,25.38,1.0,Yes
70,DUMMY,27,0.0,0.0,1.0,Yes
70,DUMMY,28,0.0,2086.86,1.0,Yes
70,DUMMY,29,0.0,0.0,1.0,Yes
70,DUMMY,30,0.0,572.68,1.0,Yes
70,DUMMY,31,0.0,25.45,1.0,Yes
70,DUMMY,32,0.0,0.0,1.0,Yes
70,DUMMY,33,0.0,25.38,1.0,Yes
70,DUMMY,34,0.0,0.0,1.0,Yes
70,DUMMY,37,0.0,0.15,1.0,Yes
70,DUMMY,43,0.0,240724.9,1.0,Yes
70,DUMMY,48,0.0,1025.45,1.0,Yes
70,DUMMY,49,0.0,25.45,1.0,Yes
71,2,6,786913.55,788563.76,0.0020926779592305416,No
71,3,5,785913.55,804438.26,0.023028131456601732,No
71,4,4,752139.73,805438.28,0.06617335098599987,No
71,5,2,752139.3,806463.73,0.06736128108327939,No
71,6,3,752138.88,806463.73,0.06736180187545443,No
71,8,11,752138.87,502287.26,0.33218813701251737,No
71,9,10,735558.43,536059.48,0.27122107756959574,No
71,10,8,735558.0,536059.49,0.27122063793745704,No
71,12,7,735557.99,536059.64,0.27122042410279573,No
71,13,19,480148.8,501693.74,0.04294440668125539,No
71,14,18,480148.37,502266.42,0.04403648963830787,No
71,15,44,2.43,2.43,0.0,No
71,19,17,480122.38,502266.85,0.044089053458335886,No
71,20,24,25.45,25.45,0.0,No
71,24,36,0.43,0.42,0.023255813953488393,No
71,DUMMY,9,0.0,0.0,1.0,Yes
71,DUMMY,12,0.0,502286.84,1.0,Yes
71,DUMMY,13,0.0,0.0,1.0,Yes
71,DUMMY,14,0.0,502286.82,1.0,Yes
71,DUMMY,15,0.0,502267.42,1.0,Yes
71,DUMMY,16,0.0,502267.27,1.0,Yes
71,DUMMY,20,0.0,447764.52,1.0,Yes
71,DUMMY,21,0.0,0.0,1.0,Yes
71,DUMMY,22,0.0,447642.32,1.0,Yes
71,DUMMY,23,0.0,3800.89,1.0,Yes
71,DUMMY,26,0.0,25.38,1.0,Yes
71,DUMMY,27,0.0,0.0,1.0,Yes
71,DUMMY,28,0.0,2086.86,1.0,Yes
71,DUMMY,29,0.0,0.0,1.0,Yes
71,DUMMY,30,0.0,572.68,1.0,Yes
71,DUMMY,31,0.0,25.45,1.0,Yes
71,DUMMY,32,0.0,0.0,1.0,Yes
71,DUMMY,33,0.0,25.38,1.0,Yes
71,DUMMY,34,0.0,0.0,1.0,Yes
71,DUMMY,37,0.0,0.15,1.0,Yes
71,DUMMY,40,0.0,251824.51,1.0,Yes
71,DUMMY,41,0.0,241412.39,1.0,Yes
71,DUMMY,43,0.0,240724.9,1.0,Yes
71,DUMMY,48,0.0,1025.45,1.0,Yes
71,DUMMY,49,0.0,25.45,1.0,Yes
72,2,6,772966.38,788563.76,0.019779478580146777,No
72,3,5,771966.38,804438.26,0.04036590701193154,No
72,4,4,755386.07,805438.28,0.062142824897768796,No
72,6,2,755385.72,806463.73,0.06333578076722683,No
72,7,3,721522.67,806463.73,0.10532533186582357,No
72,8,8,721522.25,536059.49,0.25704371556109323,No
72,10,7,721522.07,536059.64,0.25704332231999494,No
72,11,19,480149.66,501693.74,0.04294269248805061,No
72,12,18,480149.23,502266.42,0.04403477739961195,No
72,13,17,480148.8,502266.85,0.04403645193784935,No
72,14,16,480148.37,502267.27,0.044038107440287765,No
72,15,44,2.43,2.43,0.0,No
72,19,15,480122.38,502267.42,0.04409013827733437,No
72,20,24,25.45,25.45,0.0,No
72,25,36,0.43,0.42,0.023255813953488393,No
72,DUMMY,9,0.0,0.0,1.0,Yes
72,DUMMY,10,0.0,536059.48,1.0,Yes
72,DUMMY,11,0.0,502287.26,1.0,Yes
72,DUMMY,12,0.0,502286.84,1.0,Yes
72,DUMMY,13,0.0,0.0,1.0,Yes
72,DUMMY,14,0.0,502286.82,1.0,Yes
72,DUMMY,20,0.0,447764.52,1.0,Yes
72,DUMMY,21,0.0,0.0,1.0,Yes
72,DUMMY,22,0.0,447642.32,1.0,Yes
72,DUMMY,23,0.0,3800.89,1.0,Yes
72,DUMMY,26,0.0,25.38,1.0,Yes
72,DUMMY,27,0.0,0.0,1.0,Yes
72,DUMMY,28,0.0,2086.86,1.0,Yes
72,DUMMY,29,0.0,0.0,1.0,Yes
72,DUMMY,30,0.0,572.68,1.0,Yes
72,DUMMY,31,0.0,25.45,1.0,Yes
72,DUMMY,32,0.0,0.0,1.0,Yes
72,DUMMY,33,0.0,25.38,1.0,Yes
72,DUMMY,34,0.0,0.0,1.0,Yes
72,DUMMY,37,0.0,0.15,1.0,Yes
72,DUMMY,40,0.0,251824.51,1.0,Yes
72,DUMMY,41,0.0,241412.39,1.0,Yes
72,DUMMY,43,0.0,240724.9,1.0,Yes
72,DUMMY,48,0.0,1025.45,1.0,Yes
72,DUMMY,49,0.0,25.45,1.0,Yes
73,2,12,514089.17,502286.84,0.022957748750085435,No
73,3,11,513089.17,502287.26,0.021052695382363994,No
73,4,19,462690.76,501693.74,0.07774260846866453,No
73,5,18,462690.33,502266.42,0.07879501480509082,No
73,6,22,462689.91,447642.32,0.03252197567913242,No
73,8,20,462689.89,447764.52,0.032257826078715475,No
73,9,23,2473.73,3800.89,0.3491708520899052,No
73,10,48,2473.3,1025.45,0.5853919864149113,No
73,12,28,2473.29,2086.86,0.15624128185534242,No
73,13,24,26.13,25.45,0.02602372751626482,No
73,14,31,25.98,25.45,0.020400307929176333,No
73,15,49,25.55,25.45,0.003913894324853284,No
73,16,26,25.39,25.38,3.9385584875941564E-4,No
73,20,46,0.16,2.41,0.933609958506224,No
73,21,37,0.15,0.15,0.0,No
73,22,36,0.43,0.42,0.023255813953488393,No
73,23,44,0.15,2.43,0.9382716049382717,No
73,DUMMY,2,0.0,806463.73,1.0,Yes
73,DUMMY,3,0.0,806463.73,1.0,Yes
73,DUMMY,4,0.0,805438.28,1.0,Yes
73,DUMMY,5,0.0,804438.26,1.0,Yes
73,DUMMY,6,0.0,788563.76,1.0,Yes
73,DUMMY,7,0.0,536059.64,1.0,Yes
73,DUMMY,8,0.0,536059.49,1.0,Yes
73,DUMMY,9,0.0,0.0,1.0,Yes
73,DUMMY,10,0.0,536059.48,1.0,Yes
73,DUMMY,13,0.0,0.0,1.0,Yes
73,DUMMY,14,0.0,502286.82,1.0,Yes
73,DUMMY,15,0.0,502267.42,1.0,Yes
73,DUMMY,16,0.0,502267.27,1.0,Yes
73,DUMMY,17,0.0,502266.85,1.0,Yes
73,DUMMY,21,0.0,0.0,1.0,Yes
73,DUMMY,25,0.0,0.0,1.0,Yes
73,DUMMY,27,0.0,0.0,1.0,Yes
73,DUMMY,29,0.0,0.0,1.0,Yes
73,DUMMY,30,0.0,572.68,1.0,Yes
73,DUMMY,33,0.0,25.38,1.0,Yes
73,DUMMY,34,0.0,0.0,1.0,Yes
73,DUMMY,40,0.0,251824.51,1.0,Yes
73,DUMMY,41,0.0,241412.39,1.0,Yes
73,DUMMY,42,0.0,0.0,1.0,Yes
73,DUMMY,43,0.0,240724.9,1.0,Yes
73,DUMMY,47,0.0,0.0,1.0,Yes
74,2,12,514089.18,502286.84,0.022957767755392103,No
74,3,11,513089.18,502287.26,0.021052714461840694,No
74,4,19,462690.76,501693.74,0.07774260846866453,No
74,5,18,462690.33,502266.42,0.07879501480509082,No
74,6,22,462689.91,447642.32,0.03252197567913242,No
74,8,20,462689.89,447764.52,0.032257826078715475,No
74,9,23,2473.73,3800.89,0.3491708520899052,No
74,10,48,2473.3,1025.45,0.5853919864149113,No
74,12,28,2473.29,2086.86,0.15624128185534242,No
74,13,24,26.13,25.45,0.02602372751626482,No
74,14,31,25.98,25.45,0.020400307929176333,No
74,15,49,25.55,25.45,0.003913894324853284,No
74,16,26,25.39,25.38,3.9385584875941564E-4,No
74,20,46,0.16,2.41,0.933609958506224,No
74,21,37,0.15,0.15,0.0,No
74,22,38,0.43,0.42,0.023255813953488393,No
74,23,44,0.15,2.43,0.9382716049382717,No
74,24,36,0.43,0.42,0.023255813953488393,No
74,DUMMY,2,0.0,806463.73,1.0,Yes
74,DUMMY,3,0.0,806463.73,1.0,Yes
74,DUMMY,4,0.0,805438.28,1.0,Yes
74,DUMMY,5,0.0,804438.26,1.0,Yes
74,DUMMY,6,0.0,788563.76,1.0,Yes
74,DUMMY,7,0.0,536059.64,1.0,Yes
74,DUMMY,8,0.0,536059.49,1.0,Yes
74,DUMMY,9,0.0,0.0,1.0,Yes
74,DUMMY,10,0.0,536059.48,1.0,Yes
74,DUMMY,13,0.0,0.0,1.0,Yes
74,DUMMY,14,0.0,502286.82,1.0,Yes
74,DUMMY,15,0.0,502267.42,1.0,Yes
74,DUMMY,16,0.0,502267.27,1.0,Yes
74,DUMMY,17,0.0,502266.85,1.0,Yes
74,DUMMY,21,0.0,0.0,1.0,Yes
74,DUMMY,25,0.0,0.0,1.0,Yes
74,DUMMY,27,0.0,0.0,1.0,Yes
74,DUMMY,29,0.0,0.0,1.0,Yes
74,DUMMY,30,0.0,572.68,1.0,Yes
74,DUMMY,33,0.0,25.38,1.0,Yes
74,DUMMY,34,0.0,0.0,1.0,Yes
74,DUMMY,40,0.0,251824.51,1.0,Yes
74,DUMMY,41,0.0,241412.39,1.0,Yes
74,DUMMY,42,0.0,0.0,1.0,Yes
74,DUMMY,43,0.0,240724.9,1.0,Yes
74,DUMMY,47,0.0,0.0,1.0,Yes
75,2,12,514089.18,502286.84,0.022957767755392103,No
75,3,11,513089.18,502287.26,0.021052714461840694,No
75,4,19,462690.76,501693.74,0.07774260846866453,No
75,5,18,462690.33,502266.42,0.07879501480509082,No
75,6,22,462689.91,447642.32,0.03252197567913242,No
75,8,20,462689.89,447764.52,0.032257826078715475,No
75,9,23,2473.73,3800.89,0.3491708520899052,No
75,10,48,2473.3,1025.45,0.5853919864149113,No
75,12,28,2473.29,2086.86,0.15624128185534242,No
75,13,24,26.13,25.45,0.02602372751626482,No
75,14,31,25.98,25.45,0.020400307929176333,No
75,15,49,25.55,25.45,0.003913894324853284,No
75,16,26,25.39,25.38,3.9385584875941564E-4,No
75,20,46,0.16,2.41,0.933609958506224,No
75,21,37,0.15,0.15,0.0,No
75,22,38,0.43,0.42,0.023255813953488393,No
75,23,44,0.15,2.43,0.9382716049382717,No
75,24,36,0.43,0.42,0.023255813953488393,No
75,DUMMY,2,0.0,806463.73,1.0,Yes
75,DUMMY,3,0.0,806463.73,1.0,Yes
75,DUMMY,4,0.0,805438.28,1.0,Yes
75,DUMMY,5,0.0,804438.26,1.0,Yes
75,DUMMY,6,0.0,788563.76,1.0,Yes
75,DUMMY,7,0.0,536059.64,1.0,Yes
75,DUMMY,8,0.0,536059.49,1.0,Yes
75,DUMMY,9,0.0,0.0,1.0,Yes
75,DUMMY,10,0.0,536059.48,1.0,Yes
75,DUMMY,13,0.0,0.0,1.0,Yes
75,DUMMY,14,0.0,502286.82,1.0,Yes
75,DUMMY,15,0.0,502267.42,1.0,Yes
75,DUMMY,16,0.0,502267.27,1.0,Yes
75,DUMMY,17,0.0,502266.85,1.0,Yes
75,DUMMY,21,0.0,0.0,1.0,Yes
75,DUMMY,25,0.0,0.0,1.0,Yes
75,DUMMY,27,0.0,0.0,1.0,Yes
75,DUMMY,29,0.0,0.0,1.0,Yes
75,DUMMY,30,0.0,572.68,1.0,Yes
75,DUMMY,33,0.0,25.38,1.0,Yes
75,DUMMY,34,0.0,0.0,1.0,Yes
75,DUMMY,40,0.0,251824.51,1.0,Yes
75,DUMMY,41,0.0,241412.39,1.0,Yes
75,DUMMY,42,0.0,0.0,1.0,Yes
75,DUMMY,43,0.0,240724.9,1.0,Yes
75,DUMMY,47,0.0,0.0,1.0,Yes
76,2,9,369256.95,462852.7,0.2022149811376276,No
76,3,7,368256.95,462852.94,0.2043759082528459,No
76,4,6,337157.72,462853.36,0.2715668737934624,No
76,5,5,337157.3,462853.51,0.2715680172761356,No
76,6,4,337156.88,463853.51,0.2731393150393537,No
76,7,12,25.45,25.45,0.0,No
76,11,2,337130.65,497634.57,0.3225337017884428,No
76,12,3,286732.11,497634.57,0.4238099053287235,No
76,14,10,286732.1,19147.0,0.93322338168625,No
76,15,17,568.1,3777.86,0.8496238611277285,No
76,16,16,567.67,19102.43,0.9702828383614023,No
76,18,11,567.37,19146.57,0.9703670161287374,No
76,19,18,25.39,2.43,0.904293028751477,No
76,23,26,0.43,0.15,0.6511627906976745,No
76,DUMMY,20,0.0,2.41,1.0,Yes
77,2,9,291520.22,462852.7,0.3701663185717617,No
77,3,7,290520.22,462852.94,0.37232715860031057,No
77,4,6,290519.8,462853.36,0.3723286355747747,No
77,5,5,290519.38,462853.52,0.37232975996380024,No
77,6,12,25.45,25.45,0.0,No
77,10,4,290493.13,463853.52,0.37373951587130355,No
77,11,2,240094.59,497636.75,0.5175304275658902,No
77,13,3,240094.58,497636.75,0.5175304476608691,No
77,14,17,568.1,3777.86,0.8496238611277285,No
77,15,16,567.67,19102.43,0.9702828383614023,No
77,17,11,567.37,19146.57,0.9703670161287374,No
77,18,18,25.39,2.43,0.904293028751477,No
77,22,26,0.43,0.16,0.627906976744186,No
77,DUMMY,10,0.0,19147.0,1.0,Yes
77,DUMMY,20,0.0,2.41,1.0,Yes
77,DUMMY,27,0.0,0.15,1.0,Yes
78,2,9,339461.33,462852.7,0.26658885213373495,No
78,3,7,338461.33,462852.94,0.268749745869606,No
78,4,6,82123.28,462853.36,0.8225717104008924,No
78,5,5,82122.86,462853.51,0.8225726753157819,No
78,7,4,82122.83,463853.51,0.8229552472288072,No
78,8,2,31715.69,497634.45,0.9362670932448507,No
78,9,16,31715.26,19102.43,0.39768962953480436,No
78,10,11,31714.84,19146.57,0.3962898756544255,No
78,11,17,567.67,3777.86,0.8497376821798585,No
78,13,18,567.37,2.43,0.995717080564711,No
78,14,14,25.39,25.38,3.9385584875941564E-4,No
78,18,10,31114.9,19147.0,0.38463565687178813,No
78,19,12,25.45,25.45,0.0,No
78,23,26,0.42,0.15,0.6428571428571429,No
78,DUMMY,3,0.0,497634.45,1.0,Yes
79,2,2,308582.37,333424.51,0.07450604036277961,No
79,3,18,307582.37,2685.57,0.9912687778561561,No
79,4,17,307581.95,50969.43,0.8342899185078969,No
79,6,15,307581.94,50969.6,0.8342893604221366,No
79,7,14,272223.36,50970.02,0.8127639744068988,No
79,8,13,272223.21,84748.49,0.6886801459728581,No
79,9,11,272222.79,84748.55,0.6886794452440959,No
79,10,9,272222.64,85748.55,0.6850058099502673,No
79,11,10,272222.21,85748.55,0.6850053123879937,No
79,13,3,272221.48,103181.07,0.620966464512646,No
79,14,4,16548.67,17432.52,0.05070121818302817,No
79,15,19,2.43,2685.14,0.9990950192541171,No
79,17,DUMMY,2.41,0.0,1.0,Yes
79,18,DUMMY,0.0,0.0,1.0,Yes
79,19,5,16492.06,16432.5,0.0036114348359150587,No
79,20,DUMMY,2.43,0.0,1.0,Yes
79,24,6,0.43,0.43,0.0,No
79,25,DUMMY,0.15,0.0,1.0,Yes
80,2,2,308582.2,333319.76,0.07421570206338801,No
80,3,18,307582.2,2685.57,0.9912687730304289,No
80,4,17,307581.78,50969.43,0.8342898269201772,No
80,6,15,307581.77,50969.6,0.8342892688341055,No
80,7,14,272223.36,50970.02,0.8127639744068988,No
80,8,13,272223.21,84748.49,0.6886801459728581,No
80,9,11,272222.79,84748.5,0.6886796289171822,No
80,10,9,272222.64,85748.5,0.6850059936234547,No
80,11,10,272222.21,85748.5,0.6850054960614713,No
80,13,3,272221.48,103181.02,0.6209666481866162,No
80,14,4,16548.67,17432.52,0.05070121818302817,No
80,15,19,2.43,2685.14,0.9990950192541171,No
80,17,DUMMY,2.41,0.0,1.0,Yes
80,18,DUMMY,0.0,0.0,1.0,Yes
80,19,5,16492.06,16432.5,0.0036114348359150587,No
80,20,DUMMY,2.43,0.0,1.0,Yes
80,24,6,0.43,0.43,0.0,No
80,25,DUMMY,0.15,0.0,1.0,Yes
81,2,2,308806.58,333310.31,0.07351626776861472,No
81,3,18,307806.58,2685.57,0.9912751377829545,No
81,4,17,307806.16,50969.43,0.8344106238809516,No
81,6,15,307806.15,50969.6,0.8344100662056297,No
81,7,14,272445.5,50970.02,0.8129166383735463,No
81,8,13,272445.34,84748.49,0.6889339711224278,No
81,9,11,272444.92,84748.5,0.6889334548796138,No
81,10,9,272444.76,85748.5,0.6852628033660842,No
81,11,10,272444.33,85748.5,0.6852623066150799,No
81,13,3,272443.47,103181.02,0.6212754888197539,No
81,14,4,16741.42,17432.52,0.03964429698058584,No
81,15,19,2.45,2685.14,0.9990875708529164,No
81,17,DUMMY,2.41,0.0,1.0,Yes
81,18,DUMMY,0.0,0.0,1.0,Yes
81,19,5,16677.27,16432.5,0.014676862580026612,No
81,20,DUMMY,2.43,0.0,1.0,Yes
81,24,6,0.43,0.43,0.0,No
81,25,DUMMY,0.16,0.0,1.0,Yes
81,26,DUMMY,0.15,0.0,1.0,Yes
82,2,2,323886.83,333958.5,0.030158447831092738,No
82,3,18,322886.83,2685.57,0.991682627625289,No
82,4,14,322886.67,50970.02,0.8421426935958675,No
82,5,13,322886.25,84748.49,0.7375283400888084,No
82,7,11,322886.24,84748.5,0.7375283009892276,No
82,8,9,272486.96,85748.5,0.685311546651627,No
82,9,10,272486.54,85748.5,0.685311061603263,No
82,11,3,272486.53,103805.63,0.6190430771018296,No
82,12,5,16742.01,17057.11,0.018473234914941756,No
82,13,4,16741.85,18057.13,0.0728399252815925,No
82,14,17,16741.42,50969.43,0.6715399799448415,No
82,15,19,2.45,2685.14,0.9990875708529164,No
82,17,DUMMY,2.41,0.0,1.0,Yes
82,18,DUMMY,0.0,0.0,1.0,Yes
82,19,15,16677.27,50969.6,0.6727996688222,No
82,20,DUMMY,2.43,0.0,1.0,Yes
82,24,6,0.43,0.43,0.0,No
82,25,DUMMY,0.16,0.0,1.0,Yes
82,26,DUMMY,0.15,0.0,1.0,Yes
83,2,14,358062.72,444435.03,0.19434181414547824,No
83,3,12,357062.72,444435.08,0.19659195219243278,No
83,4,11,304213.39,444435.5,0.3155060970602033,No
83,5,10,304212.97,478209.47,0.36384996725388985,No
83,6,8,304212.82,478209.49,0.36385030752944697,No
83,7,7,304187.37,481984.93,0.36888613924090946,No
83,9,6,304187.36,482984.93,0.3701928546714698,No
83,10,5,270411.84,482985.35,0.44012413627038577,No
83,11,4,270411.69,482985.5,0.44012462071842734,No
83,12,2,270411.26,533384.05,0.49302709745445145,No
83,13,3,270410.84,533384.05,0.4930278848795722,No
83,15,15,270410.83,595.13,0.9977991635911919,No
83,16,19,2.43,25.38,0.9042553191489362,No
83,23,17,25.45,25.45,0.0,No
83,27,22,0.15,25.45,0.994106090373281,No
83,DUMMY,16,0.0,594.7,1.0,Yes
83,DUMMY,20,0.0,0.0,1.0,Yes
83,DUMMY,21,0.0,567.43,1.0,Yes
84,2,14,342524.62,444435.03,0.22930327971672265,No
84,3,12,341524.62,444435.08,0.23155341383042943,No
84,4,11,288675.26,444435.5,0.35046759316031234,No
84,5,10,288674.84,478209.47,0.39634227653417226,No
84,6,8,288674.68,478209.48,0.3963426237388686,No
84,7,7,288674.26,478209.91,0.39634404481496416,No
84,8,5,288648.81,479209.91,0.3976568431149514,No
84,10,6,288648.8,479209.91,0.3976568639826334,No
84,11,4,254874.22,479210.06,0.4681367498837566,No
84,12,2,254874.07,533384.01,0.5221565228398954,No
84,13,3,254873.64,533384.01,0.5221573290132938,No
84,15,15,254873.63,595.13,0.9976649997098562,No
84,16,19,2.43,25.38,0.9042553191489362,No
84,18,17,2.41,25.45,0.9053045186640472,No
84,20,28,0.43,0.43,0.0,No
84,22,22,25.45,25.45,0.0,No
84,DUMMY,16,0.0,594.7,1.0,Yes
84,DUMMY,20,0.0,0.0,1.0,Yes
84,DUMMY,21,0.0,567.43,1.0,Yes
85,2,14,358062.72,444435.03,0.19434181414547824,No
85,3,12,357062.72,444435.08,0.19659195219243278,No
85,4,11,304213.39,478207.24,0.3638461224468287,No
85,5,9,304212.97,478207.3,0.3638470805443581,No
85,6,8,304212.82,478207.72,0.36384795293559874,No
85,7,7,304187.37,478208.15,0.3639017444600223,No
85,9,5,304187.36,479208.15,0.36522915981291226,No
85,10,6,270411.84,479208.15,0.4357110996547116,No
85,11,4,270411.69,479208.3,0.43571158930260595,No
85,12,2,270411.26,533385.43,0.4930284091187118,No
85,13,3,270410.84,533385.43,0.4930291965417953,No
85,15,15,270410.83,595.13,0.9977991635911919,No
85,16,19,2.43,25.38,0.9042553191489362,No
85,18,22,2.41,25.45,0.9053045186640472,No
85,23,17,25.45,25.45,0.0,No
85,27,28,0.15,0.43,0.6511627906976745,No
85,DUMMY,16,0.0,594.7,1.0,Yes
85,DUMMY,20,0.0,0.0,1.0,Yes
85,DUMMY,21,0.0,567.43,1.0,Yes
86,2,18,803947.64,15375.66,0.9808747992593149,No
86,3,17,803947.22,15376.09,0.9808742544069,No
86,4,12,803946.79,493371.86,0.38631279316383615,No
86,5,10,802946.79,493376.45,0.3855427829781847,No
86,6,22,0.0,0.0,0.0,No
86,7,9,802946.78,497151.88,0.38084080740693677,No
86,8,8,786025.33,497152.04,0.3675114261266873,No
86,9,7,786024.9,498152.04,0.3662388557919731,No
86,10,6,786024.48,498152.46,0.3662379828170237,No
86,11,4,786024.05,498152.62,0.3662374325569301,No
86,13,5,786023.07,498152.62,0.36623664239269715,No
86,14,2,735624.42,549397.33,0.2531551222837329,No
86,16,3,735624.34,549397.33,0.2531550410634863,No
86,17,16,480148.37,459430.99,0.04314787114657914,No
86,18,14,480145.95,459435.42,0.04313382212221102,No
86,20,13,480122.38,459435.84,0.04308597320541479,No
86,21,19,25.45,25.45,0.0,No
86,25,26,2.41,2.41,0.0,No
86,27,32,0.43,0.16,0.627906976744186,No
86,DUMMY,21,0.0,25.38,1.0,Yes
86,DUMMY,23,0.0,15286.6,1.0,Yes
86,DUMMY,24,0.0,2.43,1.0,Yes
86,DUMMY,27,0.0,0.0,1.0,Yes
86,DUMMY,35,0.0,0.15,1.0,Yes
87,2,18,803908.5,15375.66,0.9808738681081242,No
87,3,17,803908.08,15376.09,0.9808733232286956,No
87,4,12,803907.65,493371.86,0.38628291446163004,No
87,5,10,802907.65,493376.45,0.385512829526534,No
87,6,22,0.0,0.0,0.0,No
87,7,9,802907.64,497151.88,0.3808106247438373,No
87,8,8,786025.33,497152.04,0.3675114261266873,No
87,9,7,786024.9,498152.04,0.3662388557919731,No
87,10,6,786024.48,498152.46,0.3662379828170237,No
87,11,4,786024.05,498152.62,0.3662374325569301,No
87,13,5,786023.07,498152.62,0.36623664239269715,No
87,14,2,735624.42,549397.33,0.2531551222837329,No
87,16,3,735624.34,549397.33,0.2531550410634863,No
87,17,16,480148.37,459430.99,0.04314787114657914,No
87,18,14,480145.95,459435.42,0.04313382212221102,No
87,20,13,480122.38,459435.84,0.04308597320541479,No
87,21,19,25.45,25.45,0.0,No
87,25,26,2.41,2.41,0.0,No
87,27,32,0.43,0.16,0.627906976744186,No
87,DUMMY,21,0.0,25.38,1.0,Yes
87,DUMMY,23,0.0,15286.6,1.0,Yes
87,DUMMY,24,0.0,2.43,1.0,Yes
87,DUMMY,27,0.0,0.0,1.0,Yes
87,DUMMY,35,0.0,0.15,1.0,Yes
88,2,14,805988.69,571.68,0.9992907096500324,No
88,3,13,804988.69,572.11,0.9992892943626326,No
88,4,9,754580.13,16888.85,0.9776182153113414,No
88,5,8,754579.7,16889.27,0.9776176459557552,No
88,6,7,754579.28,16889.42,0.9776174347114328,No
88,7,5,0.0,0.0,0.0,No
88,8,6,754579.26,50661.71,0.9328609826885516,No
88,9,4,254715.42,50661.73,0.8011045817328216,No
88,10,3,254714.99,53255.18,0.7909224737813821,No
88,11,18,0.0,0.0,0.0,No
88,12,2,254714.96,53255.18,0.7909224491565003,No
88,13,12,15352.64,15888.84,0.03374695698364391,No
88,14,15,2.43,2.43,0.0,No
88,16,17,2.41,2.41,0.0,No
88,18,10,15286.6,15888.85,0.03790393892572464,No
88,19,20,2.43,25.45,0.9045186640471513,No
88,DUMMY,19,0.0,567.43,1.0,Yes
89,2,14,805978.09,571.68,0.9992907003216427,No
89,3,13,804978.09,572.11,0.9992892850040179,No
89,4,8,754578.73,16889.27,0.9776176171835641,No
89,5,7,754578.3,16889.42,0.9776174056423302,No
89,6,6,754577.88,50661.71,0.9328608599022278,No
89,7,5,0.0,0.0,0.0,No
89,8,4,754577.87,50661.73,0.9328608325075847,No
89,9,2,254716.84,53255.18,0.7909239923045528,No
89,10,18,0.0,0.0,0.0,No
89,11,3,254716.83,53255.18,0.7909239840963788,No
89,12,12,15353.07,15888.84,0.03371989396331013,No
89,13,10,15352.64,15888.85,0.033747565116418174,No
89,14,15,2.43,2.43,0.0,No
89,16,17,2.41,2.41,0.0,No
89,18,9,15286.6,16888.85,0.09487028424078599,No
89,19,20,2.43,25.45,0.9045186640471513,No
89,DUMMY,19,0.0,567.43,1.0,Yes
90,2,14,837338.7,571.68,0.9993172655223029,No
90,3,13,836338.7,572.11,0.9993159350392371,No
90,4,9,785861.59,16888.85,0.9785091290694078,No
90,5,8,785861.16,16889.27,0.9785085828646882,No
90,6,7,785860.74,16889.42,0.978508380505177,No
90,7,5,0.0,0.0,0.0,No
90,8,6,785860.61,50661.71,0.9355334656612959,No
90,9,4,285976.15,50661.73,0.8228463107850077,No
90,10,3,285975.72,53255.18,0.8137772675246696,No
90,11,18,0.0,0.0,0.0,No
90,12,2,285975.49,53255.18,0.8137771177522941,No
90,13,12,15352.64,15888.84,0.03374695698364391,No
90,14,15,2.43,2.43,0.0,No
90,16,17,2.41,2.41,0.0,No
90,18,10,15286.6,15888.85,0.03790393892572464,No
90,19,20,2.43,25.45,0.9045186640471513,No
90,DUMMY,19,0.0,567.43,1.0,Yes
91,2,12,479145.69,460309.54,0.039311947061446015,No
91,3,10,478145.69,460309.57,0.03730268906115204,No
91,4,9,478145.25,460309.99,0.03730092477129075,No
91,6,8,478145.23,464085.42,0.029404894408336976,No
91,7,15,17926.72,444435.03,0.959664025583222,No
91,8,13,17926.58,444435.08,0.9596643451277518,No
91,9,7,17926.15,514485.16,0.9651571096822307,No
91,10,6,17925.72,515485.18,0.9652255376187536,No
91,12,31,17925.71,5773.11,0.6779424636457914,No
91,13,34,2470.19,4767.92,0.4819145455460662,No
91,14,32,2470.04,4773.11,0.4825093073488773,No
91,15,22,2469.61,567.43,0.7702349763727877,No
91,16,17,2469.45,594.7,0.7591771447083359,No
91,18,16,2468.07,595.13,0.7588682654867973,No
91,19,20,25.39,25.38,3.9385584875941564E-4,No
91,23,18,0.16,25.45,0.993713163064833,No
91,24,37,0.15,0.15,0.0,No
91,25,28,0.43,0.42,0.023255813953488393,No
91,26,5,0.15,521258.29,0.9999997122347924,No
91,27,25,0.43,25.38,0.9830575256107171,No
91,28,23,0.43,25.45,0.9831041257367387,No
91,29,36,0.14,0.14,0.0,No
91,DUMMY,2,0.0,521258.58,1.0,Yes
91,DUMMY,3,0.0,521258.58,1.0,Yes
91,DUMMY,4,0.0,521258.43,1.0,Yes
91,DUMMY,11,0.0,0.0,1.0,Yes
91,DUMMY,21,0.0,0.0,1.0,Yes
91,DUMMY,26,0.0,0.0,1.0,Yes
91,DUMMY,35,0.0,0.0,1.0,Yes
92,2,8,478929.26,498690.09,0.03962547160301504,No
92,3,7,478929.11,499690.09,0.041547712102915704,No
92,4,5,477929.11,499690.24,0.04354923962493245,No
92,5,6,477928.69,499690.24,0.043550080145651815,No
92,7,4,477928.68,499690.39,0.04355038727080587,No
92,8,13,462692.6,444435.08,0.039459286792137935,No
92,9,12,462692.17,460309.54,0.0051494928042547265,No
92,10,10,462692.03,460309.57,0.005149126947356367,No
92,12,9,462691.95,460309.99,0.005148047205057319,No
92,13,32,2473.56,4767.92,0.48120773838487224,No
92,14,30,2473.13,4887.84,0.49402394513732034,No
92,16,16,2473.12,595.13,0.7593606456621594,No
92,17,18,25.98,25.45,0.020400307929176333,No
92,18,23,25.55,25.45,0.003913894324853284,No
92,19,20,25.39,25.38,3.9385584875941564E-4,No
92,23,29,0.16,37437.01,0.9999957261544123,No
92,24,15,0.15,444435.03,0.9999996624928507,No
92,25,17,0.43,594.7,0.999276946359509,No
92,27,34,0.14,0.14,0.0,No
92,28,22,0.43,567.43,0.999242197275435,No
92,29,28,0.42,0.42,0.0,No
92,DUMMY,2,0.0,553865.67,1.0,Yes
92,DUMMY,3,0.0,553865.67,1.0,Yes
92,DUMMY,11,0.0,0.0,1.0,Yes
92,DUMMY,21,0.0,0.0,1.0,Yes
92,DUMMY,24,0.0,0.0,1.0,Yes
92,DUMMY,33,0.0,0.0,1.0,Yes
93,2,8,479568.06,498294.91,0.03758186091043952,No
93,3,7,479567.91,499294.91,0.039509715811042415,No
93,4,5,478567.91,499295.05,0.041512808909281225,No
93,5,6,478567.47,499295.05,0.04151369015174498,No
93,7,4,478567.45,499295.2,0.041514018159998334,No
93,8,13,462692.6,444435.08,0.039459286792137935,No
93,9,12,462692.17,460309.54,0.0051494928042547265,No
93,10,10,462692.03,460309.57,0.005149126947356367,No
93,12,9,462691.95,460309.99,0.005148047205057319,No
93,13,32,2473.56,4767.92,0.48120773838487224,No
93,14,30,2473.13,4843.26,0.48936666625372166,No
93,16,16,2473.12,595.13,0.7593606456621594,No
93,17,18,25.98,25.45,0.020400307929176333,No
93,18,23,25.55,25.45,0.003913894324853284,No
93,19,20,25.39,25.38,3.9385584875941564E-4,No
93,23,29,0.16,37392.42,0.9999957210579041,No
93,24,15,0.15,444435.03,0.9999996624928507,No
93,25,28,0.43,0.42,0.023255813953488393,No
93,27,34,0.14,0.14,0.0,No
93,28,17,0.43,594.7,0.999276946359509,No
93,29,22,0.45,567.43,0.9992069506370829,No
93,DUMMY,2,0.0,553470.48,1.0,Yes
93,DUMMY,3,0.0,553470.48,1.0,Yes
93,DUMMY,11,0.0,0.0,1.0,Yes
93,DUMMY,21,0.0,0.0,1.0,Yes
93,DUMMY,24,0.0,0.0,1.0,Yes
93,DUMMY,33,0.0,0.0,1.0,Yes
94,2,11,309538.42,462852.7,0.33123773502887643,No
94,3,9,309538.0,462852.94,0.3312389892132909,No
94,4,8,308538.0,462853.36,0.33340010754161964,No
94,5,7,308537.85,462853.52,0.3334006620496265,No
94,7,6,308537.84,463853.52,0.3348377737868627,No
94,8,5,258131.31,463878.97,0.443537373552416,No
94,9,4,258130.89,463879.12,0.44353845889851645,No
94,11,2,258130.88,498205.21,0.4818784010709162,No
94,12,19,3071.52,3777.86,0.18696828363147394,No
94,14,18,3071.51,19102.43,0.8392084148456506,No
94,15,13,2496.0,19146.57,0.8696372248397494,No
94,16,12,2495.85,19147.0,0.8696479866297593,No
94,18,24,2495.82,2086.86,0.1638579705267207,No
94,19,16,26.04,25.38,0.025345622119815673,No
94,20,30,25.61,25.45,0.006247559547051938,No
94,21,14,25.45,25.45,0.0,No
94,25,28,0.16,0.16,0.0,No
94,26,34,0.15,0.15,0.0,No
94,27,22,0.43,2.41,0.8215767634854773,No
94,28,20,0.15,2.43,0.9382716049382717,No
94,DUMMY,3,0.0,498205.21,1.0,Yes
94,DUMMY,17,0.0,0.0,1.0,Yes
94,DUMMY,23,0.0,0.0,1.0,Yes
95,2,11,326524.95,462852.7,0.2945380895477114,No
95,3,9,326524.8,462852.94,0.2945387794231144,No
95,4,8,326524.38,462853.36,0.2945403269839069,No
95,5,7,326523.95,462853.52,0.294541499868036,No
95,6,6,326523.78,463853.52,0.29606273118289583,No
95,7,5,323829.88,463878.97,0.30190868536247717,No
95,8,4,323829.88,463879.12,0.30190891109735657,No
95,9,2,323829.71,498205.21,0.3500073794892671,No
95,10,3,323829.29,498205.21,0.35000822251537683,No
95,11,12,45719.64,19147.0,0.5812084259631091,No
95,12,18,5460.89,19102.43,0.7141258991657082,No
95,13,13,4460.89,19146.57,0.7670136217609734,No
95,14,19,4435.44,3777.86,0.1482558663852965,No
95,20,10,278109.66,0.0,1.0,No
95,21,30,1000.0,25.45,0.9745499999999999,No
95,23,20,0.42,2.43,0.8271604938271605,No
95,24,28,0.16,0.16,0.0,No
95,25,34,0.15,0.15,0.0,No
95,27,14,2693.63,25.45,0.990551783281297,No
95,29,32,0.16,25.38,0.9936958234830575,No
95,30,16,0.15,25.38,0.9940898345153665,No
95,DUMMY,17,0.0,0.0,1.0,Yes
96,2,11,310806.39,462852.7,0.3284982673753442,No
96,3,9,310805.96,462852.94,0.32849954458537084,No
96,4,8,310805.54,462853.36,0.3285010613296618,No
96,5,7,309805.54,462853.52,0.3306618041923934,No
96,6,6,309805.38,463853.52,0.3321051438824912,No
96,8,5,309805.36,463878.97,0.3321418300122551,No
96,9,13,53467.81,19146.57,0.6419047273490348,No
96,11,12,53467.77,19147.0,0.6418964172248066,No
96,12,19,3061.25,3777.86,0.1896867538765333,No
96,13,18,3060.83,19102.43,0.8397675060188677,No
96,15,4,3060.81,463879.12,0.9934017077552445,No
96,16,2,2485.3,498205.21,0.995011493356322,No
96,17,3,2485.15,498205.21,0.9950117944370754,No
96,19,24,2485.11,2086.86,0.16025447565701317,No
96,20,30,25.61,25.45,0.006247559547051938,No
96,21,14,25.45,25.45,0.0,No
96,25,20,0.16,2.43,0.934156378600823,No
96,26,34,0.15,0.15,0.0,No
96,27,16,0.15,25.38,0.9940898345153665,No
96,28,22,0.42,2.41,0.8257261410788382,No
96,DUMMY,17,0.0,0.0,1.0,Yes
96,DUMMY,23,0.0,0.0,1.0,Yes
97,2,12,312081.81,470202.85,0.33628260653885866,No
97,3,10,312081.66,470208.82,0.3362913524250779,No
97,4,9,312081.51,470209.24,0.3362922642694133,No
97,5,8,311081.51,470209.4,0.33841920216822546,No
97,6,7,311081.09,504216.47,0.383040601589234,No
97,8,6,311081.08,505216.49,0.38426182407466547,No
97,9,5,55079.89,508901.63,0.8917671181363676,No
97,10,4,55079.73,508927.08,0.8917728449427372,No
97,12,2,55079.7,508927.23,0.891772935788875,No
97,13,32,37829.93,3685.14,0.9025866555925427,No
97,14,22,37829.77,10374.52,0.7257577828255366,No
97,15,20,37829.34,10530.76,0.7216245379908821,No
97,16,19,37828.92,26433.64,0.30123196749999737,No
97,17,14,37826.5,26544.36,0.2982602143999577,No
97,19,13,37825.54,26547.91,0.2981485525388402,No
97,20,36,2476.37,2685.12,0.07774326659516148,No
97,22,34,2468.13,2685.14,0.08081887722800292,No
97,23,15,25.45,25.45,0.0,No
97,29,17,0.42,25.38,0.983451536643026,No
97,30,24,0.43,0.43,0.0,No
97,31,30,0.15,0.16,0.06250000000000006,No
97,33,38,0.42,25.45,0.9834970530451865,No
97,DUMMY,3,0.0,508927.23,1.0,Yes
97,DUMMY,18,0.0,0.0,1.0,Yes
97,DUMMY,23,0.0,2694.11,1.0,Yes
97,DUMMY,25,0.0,2693.63,1.0,Yes
97,DUMMY,26,0.0,0.0,1.0,Yes
97,DUMMY,33,0.0,3685.14,1.0,Yes
97,DUMMY,37,0.0,0.0,1.0,Yes
98,2,12,309519.27,470202.85,0.34173246716815936,No
98,3,10,309519.12,470208.82,0.34174114386029597,No
98,4,9,309518.97,470209.24,0.3417420508367722,No
98,5,8,308518.97,470209.4,0.3438689868811641,No
98,6,7,308518.55,504216.47,0.38812282351665345,No
98,8,6,308518.54,505216.49,0.38933398630753324,No
98,9,5,53459.17,508901.63,0.8949518593603247,No
98,10,4,53459.02,508927.08,0.894957407257637,No
98,12,2,53459.01,508927.23,0.8949574578668152,No
98,13,32,37827.65,3685.14,0.9025807841618498,No
98,14,22,37827.5,10374.52,0.7257413257550723,No
98,15,20,37827.07,10530.76,0.7216078326975892,No
98,16,19,37826.65,26433.64,0.30119003401041333,No
98,17,14,37826.5,26544.36,0.2982602143999577,No
98,19,13,37825.54,26547.91,0.2981485525388402,No
98,20,36,2476.37,2685.12,0.07774326659516148,No
98,22,34,2468.13,2685.14,0.08081887722800292,No
98,23,15,25.45,25.45,0.0,No
98,27,30,0.15,0.16,0.06250000000000006,No
98,28,25,0.14,2693.63,0.9999480255268912,No
98,29,27,0.42,2.13,0.8028169014084507,No
98,30,24,0.43,0.43,0.0,No
98,31,38,0.15,25.45,0.994106090373281,No
98,33,17,0.42,25.38,0.983451536643026,No
98,DUMMY,3,0.0,508927.23,1.0,Yes
98,DUMMY,18,0.0,0.0,1.0,Yes
98,DUMMY,23,0.0,2694.11,1.0,Yes
98,DUMMY,26,0.0,0.0,1.0,Yes
98,DUMMY,28,0.0,0.0,1.0,Yes
98,DUMMY,33,0.0,3685.14,1.0,Yes
98,DUMMY,37,0.0,0.0,1.0,Yes
99,2,12,309519.27,470202.85,0.34173246716815936,No
99,3,10,309519.12,470208.82,0.34174114386029597,No
99,4,9,309518.97,470209.24,0.3417420508367722,No
99,5,8,308518.97,470209.4,0.3438689868811641,No
99,6,7,308518.55,504216.47,0.38812282351665345,No
99,8,6,308518.54,505216.49,0.38933398630753324,No
99,9,5,53459.17,508901.63,0.8949518593603247,No
99,10,4,53459.02,508927.08,0.894957407257637,No
99,12,2,53459.01,508927.23,0.8949574578668152,No
99,13,32,37827.65,3685.14,0.9025807841618498,No
99,14,22,37827.5,10374.52,0.7257413257550723,No
99,15,20,37827.07,10530.76,0.7216078326975892,No
99,16,19,37826.65,26433.64,0.30119003401041333,No
99,17,14,37826.5,26544.36,0.2982602143999577,No
99,19,13,37825.54,26547.91,0.2981485525388402,No
99,20,36,2476.37,2685.12,0.07774326659516148,No
99,22,34,2468.13,2685.14,0.08081887722800292,No
99,23,15,25.45,25.45,0.0,No
99,27,30,0.15,0.16,0.06250000000000006,No
99,28,25,0.14,2693.63,0.9999480255268912,No
99,29,27,0.42,2.13,0.8028169014084507,No
99,30,24,0.43,0.43,0.0,No
99,31,38,0.15,25.45,0.994106090373281,No
99,33,17,0.42,25.38,0.983451536643026,No
99,DUMMY,3,0.0,508927.23,1.0,Yes
99,DUMMY,18,0.0,0.0,1.0,Yes
99,DUMMY,23,0.0,2694.11,1.0,Yes
99,DUMMY,26,0.0,0.0,1.0,Yes
99,DUMMY,28,0.0,0.0,1.0,Yes
99,DUMMY,33,0.0,3685.14,1.0,Yes
99,DUMMY,37,0.0,0.0,1.0,Yes
100,2,7,632805.24,747652.82,0.15361084306483316,No
100,3,6,632805.1,801778.78,0.21074850596569797,No
100,4,5,631805.1,802778.8,0.21297734818109304,No
100,5,21,0.0,0.0,0.0,No
100,6,4,631805.09,803373.51,0.21355996664614948,No
100,7,2,598031.33,803373.93,0.25560027819175074,No
100,8,3,598030.91,803373.93,0.2556008009869078,No
100,10,26,598030.9,0.0,1.0,No
100,11,35,581445.59,0.0,1.0,No
100,12,31,581445.16,239333.76,0.5883811983231574,No
100,13,15,581444.73,476748.35,0.18006247988523347,No
100,14,13,581444.29,476752.98,0.18005389647905914,No
100,16,12,581444.28,476753.4,0.18005316003796615,No
100,17,11,514620.2,492717.86,0.04256020265042069,No
100,18,9,514620.05,492720.39,0.042555007330165186,No
100,19,20,2.43,25.38,0.9042553191489362,No
100,23,8,514617.61,492720.55,0.04255015680477782,No
100,24,17,53003.76,32676.13,0.38351298096587866,No
100,26,16,53003.75,32676.56,0.38350475202226253,No
100,27,22,2486.78,32584.39,0.9236818611611266,No
100,28,38,2486.35,567.43,0.7717819293341646,No
100,30,33,2486.31,594.7,0.760810196636783,No
100,31,34,25.61,25.45,0.006247559547051938,No
100,32,39,25.45,25.45,0.0,No
100,36,29,0.16,0.16,0.0,No
100,37,DUMMY,0.15,0.0,1.0,Yes
100,38,18,0.43,25.45,0.9831041257367387,No
100,39,DUMMY,0.42,0.0,1.0,Yes
100,40,DUMMY,0.15,0.0,1.0,Yes
100,41,25,0.44,25.38,0.9826635145784082,No
100,42,23,0.43,25.45,0.9831041257367387,No
101,2,7,632692.75,732751.43,0.1365520091854342,No
101,3,6,632692.61,783161.39,0.19212997719410047,No
101,4,5,631692.61,784161.41,0.19443547980765852,No
101,5,21,0.0,0.0,0.0,No
101,6,4,631692.59,784756.12,0.19504598447731766,No
101,7,2,597912.86,784756.54,0.23809126840790654,No
101,8,3,597912.43,784756.54,0.23809181634854548,No
101,9,35,597912.0,0.0,1.0,No
101,10,37,597911.85,0.0,1.0,No
101,11,22,597911.43,32584.39,0.9455029819383115,No
101,13,17,597911.42,32676.13,0.945349546927871,No
101,14,16,547509.41,32676.56,0.9403178111587159,No
101,15,31,547508.98,239333.76,0.5628678820939156,No
101,17,11,547508.97,492717.86,0.10007344719849975,No
101,18,9,530929.01,492720.39,0.07196559103071049,No
101,20,8,530929.0,492720.55,0.07196527219270375,No
101,21,15,464103.06,476748.35,0.02652403516446356,No
101,22,13,464102.63,476752.98,0.02653439103831082,No
101,23,20,2.43,25.38,0.9042553191489362,No
101,27,12,464100.2,476753.4,0.026540345595857336,No
101,28,38,2486.35,567.43,0.7717819293341646,No
101,30,33,2486.31,594.7,0.760810196636783,No
101,31,34,25.61,25.45,0.006247559547051938,No
101,32,39,25.45,25.45,0.0,No
101,36,29,0.16,0.16,0.0,No
101,37,DUMMY,0.15,0.0,1.0,Yes
101,38,36,0.43,25.38,0.9830575256107171,No
101,39,23,0.43,25.45,0.9831041257367387,No
101,40,18,0.42,25.45,0.9834970530451865,No
101,41,DUMMY,0.42,0.0,1.0,Yes
102,2,7,873421.6,734024.54,0.15959882375246953,No
102,3,6,873421.18,784434.5,0.10188289686311482,No
102,4,5,872421.18,785434.53,0.09970717354661199,No
102,5,21,0.0,0.0,0.0,No
102,6,4,872421.17,786029.23,0.0990254970543643,No
102,7,2,855841.21,786029.65,0.08157069230167117,No
102,9,3,855841.2,786029.65,0.08157068157036601,No
102,10,26,600254.52,0.0,1.0,No
102,11,22,600254.38,32584.39,0.9457156980678758,No
102,13,17,600254.36,32676.13,0.9455628610511051,No
102,14,16,549852.59,32676.56,0.9405721449816213,No
102,15,31,549852.16,239333.76,0.5647307087054091,No
102,16,9,549851.73,492720.39,0.10390317404293693,No
102,18,8,549851.72,492720.55,0.10390286675833257,No
102,19,11,483025.83,492717.86,0.019670547359496915,No
102,20,15,483025.4,476748.35,0.012995279337277184,No
102,21,13,483025.25,476752.98,0.01298538740987147,No
102,22,20,2.43,25.38,0.9042553191489362,No
102,26,12,483022.81,476753.4,0.012979531960405709,No
102,27,38,2494.75,567.43,0.7725503557470689,No
102,29,33,2494.74,594.7,0.7616184452087191,No
102,30,23,26.04,25.45,0.022657450076804912,No
102,31,34,25.61,25.45,0.006247559547051938,No
102,32,39,25.45,25.45,0.0,No
102,36,DUMMY,0.16,0.0,1.0,Yes
102,37,35,0.15,0.0,1.0,No
102,38,25,0.43,25.38,0.9830575256107171,No
102,39,DUMMY,0.15,0.0,1.0,Yes
102,40,18,0.43,25.45,0.9831041257367387,No
103,2,14,793187.68,476752.98,0.3989405130447816,No
103,3,13,793187.25,476753.4,0.39893965769116935,No
103,4,12,793186.82,492717.86,0.37881234587332147,No
103,5,8,793186.68,543130.5,0.31525514271117117,No
103,6,7,792186.68,546172.03,0.31055135892969066,No
103,7,6,792186.54,546172.06,0.31055119921628555,No
103,9,5,792186.52,547172.09,0.3092888149624157,No
103,10,4,552745.28,547172.51,0.010081985684255898,No
103,11,2,552744.85,548172.51,0.008272062598140837,No
103,13,3,552744.69,548172.51,0.008271775528047018,No
103,14,10,502346.28,492720.39,0.019161861813727404,No
103,16,9,502346.24,492720.55,0.01916146520774198,No
103,17,32,2485.18,3041.53,0.18291780781383066,No
103,19,44,2485.11,1000.0,0.5976033254061188,No
103,20,19,25.61,25.45,0.006247559547051938,No
103,21,24,25.45,25.45,0.0,No
103,25,30,0.16,0.16,0.0,No
103,26,21,0.15,25.38,0.9940898345153665,No
103,27,26,0.43,25.38,0.9830575256107171,No
103,28,36,0.42,25.38,0.983451536643026,No
103,DUMMY,16,0.0,476748.35,1.0,Yes
103,DUMMY,17,0.0,32676.56,1.0,Yes
103,DUMMY,18,0.0,32676.13,1.0,Yes
103,DUMMY,22,0.0,0.0,1.0,Yes
103,DUMMY,23,0.0,32584.39,1.0,Yes
103,DUMMY,27,0.0,0.0,1.0,Yes
103,DUMMY,33,0.0,594.7,1.0,Yes
103,DUMMY,34,0.0,25.45,1.0,Yes
103,DUMMY,35,0.0,0.0,1.0,Yes
103,DUMMY,37,0.0,0.0,1.0,Yes
103,DUMMY,38,0.0,567.43,1.0,Yes
103,DUMMY,39,0.0,25.45,1.0,Yes
103,DUMMY,45,0.0,0.0,1.0,Yes
104,2,16,309208.35,476748.35,0.3514222964798934,No
104,3,14,309207.92,476752.98,0.35142949709512045,No
104,4,13,309207.49,476753.4,0.3514309703926601,No
104,5,12,308207.49,492717.86,0.37447469430070995,No
104,7,10,308207.47,492720.39,0.3744779468127959,No
104,8,9,257806.0,492720.55,0.4767703518759264,No
104,9,8,257805.58,543130.5,0.5253340035221739,No
104,11,7,257805.57,546172.03,0.5279773480893923,No
104,12,23,18364.56,32584.39,0.43640006763975014,No
104,13,18,18364.41,32676.13,0.4379869954000061,No
104,15,17,18364.4,32676.56,0.4379946971162203,No
104,16,32,2478.96,3041.53,0.1849628312066625,No
104,17,38,2478.8,567.43,0.7710868162013879,No
104,18,33,2476.37,594.7,0.7598501031752121,No
104,20,44,2468.13,1000.0,0.5948349560193344,No
104,21,19,25.45,25.45,0.0,No
104,27,30,0.16,0.16,0.0,No
104,28,21,0.15,25.38,0.9940898345153665,No
104,DUMMY,2,0.0,548172.51,1.0,Yes
104,DUMMY,3,0.0,548172.51,1.0,Yes
104,DUMMY,4,0.0,547172.51,1.0,Yes
104,DUMMY,5,0.0,547172.09,1.0,Yes
104,DUMMY,6,0.0,546172.06,1.0,Yes
104,DUMMY,22,0.0,0.0,1.0,Yes
104,DUMMY,24,0.0,25.45,1.0,Yes
104,DUMMY,26,0.0,25.38,1.0,Yes
104,DUMMY,27,0.0,0.0,1.0,Yes
104,DUMMY,34,0.0,25.45,1.0,Yes
104,DUMMY,35,0.0,0.0,1.0,Yes
104,DUMMY,39,0.0,25.45,1.0,Yes
104,DUMMY,45,0.0,0.0,1.0,Yes
105,2,13,824444.64,66269.43,0.9196193088234523,No
105,3,12,824444.5,67269.43,0.9184063572502456,No
105,4,10,823444.5,67269.85,0.9183067589861855,No
105,5,8,0.0,0.0,0.0,No
105,6,11,823444.49,67269.85,0.9183067579940939,No
105,7,9,323582.79,101880.05,0.6851499735199144,No
105,8,7,323582.36,101880.06,0.685149524220047,No
105,10,6,323582.35,101880.22,0.6851490200253506,No
105,11,5,273182.98,101880.37,0.6270617957238771,No
105,12,4,273182.82,101880.52,0.6270610282154638,No
105,13,3,273182.39,104474.05,0.6175666740451315,No
105,15,2,273182.38,104474.05,0.6175666600459371,No
105,16,23,2479.23,2685.14,0.0766850145616243,No
105,17,22,2478.8,50963.05,0.9513608388822882,No
105,18,17,2476.37,50965.65,0.9514109993691829,No
105,20,16,2468.13,50966.08,0.9515730854717491,No
105,21,15,25.45,66269.42,0.9996159616305681,No
105,27,31,0.43,0.15,0.6511627906976745,No
105,28,18,0.43,2.43,0.8230452674897119,No
106,2,13,789419.89,66269.43,0.9160530019075146,No
106,3,12,788419.89,67269.43,0.914678167239033,No
106,4,10,788419.46,67269.85,0.914677587993579,No
106,5,8,0.0,0.0,0.0,No
106,6,11,788419.45,67269.85,0.9146775869113833,No
106,7,9,754638.05,101880.05,0.8649948144014206,No
106,8,7,754637.62,101880.06,0.8649947242227336,No
106,9,6,754637.2,101880.22,0.8649944370619419,No
106,10,21,0.0,0.0,0.0,No
106,11,5,754637.16,101880.37,0.8649942311348675,No
106,12,4,254765.75,101880.52,0.6001011909960424,No
106,13,3,254765.32,104474.05,0.589920441290832,No
106,15,2,254765.23,104474.05,0.5899202964234954,No
106,16,22,15352.64,50963.05,0.6987495842576141,No
106,17,18,2.43,2.43,0.0,No
106,21,17,15286.6,50965.65,0.7000607271760491,No
106,22,23,2.43,2685.14,0.9990950192541171,No
106,24,20,2.41,2.41,0.0,No
106,29,31,0.43,0.15,0.6511627906976745,No
106,DUMMY,15,0.0,66269.42,1.0,Yes
106,DUMMY,16,0.0,50966.08,1.0,Yes
107,2,15,838406.71,66269.42,0.9209579083640682,No
107,3,13,837406.71,66269.43,0.920863507291457,No
107,4,12,787006.73,67269.43,0.9145249621944148,No
107,5,11,787006.3,67269.85,0.9145243818251518,No
107,6,10,787005.88,67269.85,0.9145243362095338,No
107,7,8,0.0,0.0,0.0,No
107,8,9,787005.86,101880.05,0.8705472790253429,No
107,9,7,287135.58,101880.06,0.6451848287140173,No
107,10,6,287135.15,101880.22,0.6451837401307363,No
107,11,5,287134.73,101880.37,0.6451826987282242,No
107,13,4,287134.72,101880.52,0.6451821639681887,No
107,14,2,271831.45,104474.05,0.6156660680726973,No
107,15,18,2.43,2.43,0.0,No
107,19,3,271829.01,104474.05,0.6156626182025238,No
107,20,22,32416.13,50963.05,0.3639287679995605,No
107,21,31,2.43,0.15,0.9382716049382717,No
107,23,20,2.41,2.41,0.0,No
107,25,17,32413.21,50965.65,0.36401851050658635,No
107,26,21,0.0,0.0,0.0,No
107,DUMMY,16,0.0,50966.08,1.0,Yes
107,DUMMY,23,0.0,2685.14,1.0,Yes
108,2,13,820667.77,15376.09,0.9812639285200636,No
108,3,9,819667.77,460435.42,0.43826579883700933,No
108,4,8,819667.34,461273.36,0.4372432113740191,No
108,5,7,819666.91,461273.78,0.4372424037466634,No
108,6,18,0.0,0.0,0.0,No
108,7,6,819666.9,465049.21,0.4326363428851403,No
108,8,5,785837.96,465049.36,0.40821214592382377,No
108,9,4,785837.53,465049.52,0.4082116185008369,No
108,10,3,785837.11,499544.33,0.3643156786016379,No
108,11,23,0.0,0.0,0.0,No
108,12,2,785836.83,499544.33,0.36431545210218763,No
108,13,12,285975.72,459430.99,0.37754368724669624,No
108,15,10,285975.49,459435.42,0.37755018975245747,No
108,16,14,15352.64,15375.66,0.0014971715035322344,No
108,17,20,2.43,2.43,0.0,No
108,21,19,15286.6,15286.6,0.0,No
108,22,22,2.43,2.41,0.008230452674897125,No
108,26,31,0.42,0.15,0.6428571428571429,No
108,28,17,0.43,25.38,0.9830575256107171,No
108,DUMMY,15,0.0,25.45,1.0,Yes
109,2,12,52831.57,459430.99,0.8850065164302477,No
109,3,10,51831.57,459435.42,0.8871842096980681,No
109,4,19,3524.08,15286.6,0.7694660683212748,No
109,5,14,3523.65,15375.66,0.7708293497644979,No
109,6,13,3523.22,15376.09,0.7708637241327282,No
109,7,9,3523.07,460435.42,0.9923483949171417,No
109,8,15,2685.14,25.45,0.9905219094721319,No
109,DUMMY,2,0.0,499544.33,1.0,Yes
109,DUMMY,3,0.0,499544.33,1.0,Yes
109,DUMMY,4,0.0,465049.52,1.0,Yes
109,DUMMY,5,0.0,465049.36,1.0,Yes
109,DUMMY,6,0.0,465049.21,1.0,Yes
109,DUMMY,7,0.0,461273.78,1.0,Yes
109,DUMMY,8,0.0,461273.36,1.0,Yes
109,DUMMY,11,0.0,0.0,1.0,Yes
109,DUMMY,16,0.0,0.0,1.0,Yes
109,DUMMY,17,0.0,25.38,1.0,Yes
109,DUMMY,18,0.0,0.0,1.0,Yes
109,DUMMY,20,0.0,2.43,1.0,Yes
109,DUMMY,22,0.0,2.41,1.0,Yes
109,DUMMY,23,0.0,0.0,1.0,Yes
109,DUMMY,31,0.0,0.15,1.0,Yes
110,2,12,52831.57,459430.99,0.8850065164302477,No
110,3,10,51831.57,459435.42,0.8871842096980681,No
110,4,19,3524.08,15286.6,0.7694660683212748,No
110,5,14,3523.65,15375.66,0.7708293497644979,No
110,6,13,3523.22,15376.09,0.7708637241327282,No
110,7,9,3523.07,460435.42,0.9923483949171417,No
110,8,15,2685.14,25.45,0.9905219094721319,No
110,DUMMY,2,0.0,499544.33,1.0,Yes
110,DUMMY,3,0.0,499544.33,1.0,Yes
110,DUMMY,4,0.0,465049.52,1.0,Yes
110,DUMMY,5,0.0,465049.36,1.0,Yes
110,DUMMY,6,0.0,465049.21,1.0,Yes
110,DUMMY,7,0.0,461273.78,1.0,Yes
110,DUMMY,8,0.0,461273.36,1.0,Yes
110,DUMMY,11,0.0,0.0,1.0,Yes
110,DUMMY,16,0.0,0.0,1.0,Yes
110,DUMMY,17,0.0,25.38,1.0,Yes
110,DUMMY,18,0.0,0.0,1.0,Yes
110,DUMMY,20,0.0,2.43,1.0,Yes
110,DUMMY,22,0.0,2.41,1.0,Yes
110,DUMMY,23,0.0,0.0,1.0,Yes
110,DUMMY,31,0.0,0.15,1.0,Yes
111,2,3,67816.28,510878.02,0.8672554360432261,No
111,3,2,67816.13,510878.02,0.8672557296553882,No
111,4,7,67815.71,49661.44,0.2677000653683343,No
111,5,5,66815.71,49661.45,0.2567399193991953,No
111,6,DUMMY,0.0,0.0,1.0,Yes
111,7,4,66815.7,50661.45,0.24177326586416067,No
111,8,DUMMY,33043.53,0.0,1.0,Yes
111,9,DUMMY,33043.11,0.0,1.0,Yes
111,11,DUMMY,33043.09,0.0,1.0,Yes
111,12,DUMMY,17168.41,0.0,1.0,Yes
111,13,DUMMY,17168.26,0.0,1.0,Yes
111,14,11,17168.11,15888.84,0.0745143175340792,No
111,15,9,17167.68,15888.85,0.07449055434397658,No
111,17,8,17167.67,15889.27,0.07446555065422378,No
111,18,DUMMY,577.46,0.0,1.0,Yes
111,19,13,577.03,571.68,0.009271614994021148,No
111,20,12,574.6,572.11,0.004333449356073806,No
111,22,18,569.12,567.43,0.0029694967669385273,No
111,23,19,27.14,25.45,0.0622697126013265,No
111,29,14,0.43,2.43,0.8230452674897119,No
111,30,DUMMY,0.43,0.0,1.0,Yes
111,31,DUMMY,0.15,0.0,1.0,Yes
111,32,DUMMY,0.14,0.0,1.0,Yes
111,33,DUMMY,0.42,0.0,1.0,Yes
112,2,3,67516.82,510877.69,0.8678415179962155,No
112,3,2,67516.39,510877.69,0.867842359684957,No
112,4,DUMMY,66516.39,0.0,1.0,Yes
112,5,DUMMY,66515.97,0.0,1.0,Yes
112,6,DUMMY,0.0,0.0,1.0,Yes
112,7,DUMMY,66515.96,0.0,1.0,Yes
112,8,4,50641.43,50661.45,3.951722660918075E-4,No
112,9,DUMMY,50641.28,0.0,1.0,Yes
112,10,7,50641.13,49661.44,0.019345737348277874,No
112,12,5,50641.12,49661.45,0.0193453462324689,No
112,13,11,16868.95,15888.84,0.058101423028700694,No
112,14,9,16868.53,15888.85,0.05807737840819553,No
112,16,8,16868.52,15889.27,0.05805192156751155,No
112,17,12,568.1,572.11,0.007009141598643602,No
112,18,13,568.1,571.68,0.0062622446123704305,No
112,19,19,567.67,25.45,0.9551676149875807,No
112,21,18,567.37,567.43,1.057399150555054E-4,No
112,22,21,25.39,25.38,3.9385584875941564E-4,No
112,23,DUMMY,0.0,0.0,1.0,Yes
112,26,14,0.43,2.43,0.8230452674897119,No
112,27,DUMMY,0.0,0.0,1.0,Yes
112,29,DUMMY,0.0,0.0,1.0,Yes
112,31,DUMMY,0.42,0.0,1.0,Yes
112,32,DUMMY,0.15,0.0,1.0,Yes
112,33,DUMMY,0.14,0.0,1.0,Yes
112,34,DUMMY,0.14,0.0,1.0,Yes
113,2,2,69423.37,510882.61,0.8641109158129301,No
113,3,3,68423.37,510882.61,0.8660683126403539,No
113,4,8,68423.22,49660.99,0.27420852161006165,No
113,5,6,68422.79,49661.01,0.27420366810531976,No
113,6,5,68422.37,50661.01,0.25958410969979545,No
113,7,17,0.0,0.0,0.0,No
113,8,4,68422.36,50661.43,0.25957786314298426,No
113,9,DUMMY,34650.19,0.0,1.0,Yes
113,10,DUMMY,34649.77,0.0,1.0,Yes
113,12,DUMMY,34649.76,0.0,1.0,Yes
113,13,DUMMY,18775.26,0.0,1.0,Yes
113,14,11,18775.11,15888.84,0.15372852675696708,No
113,16,9,18775.1,15888.85,0.15372754339524147,No
113,17,DUMMY,2537.07,0.0,1.0,Yes
113,18,18,2536.93,567.43,0.7763320233510582,No
113,19,13,2536.76,571.68,0.7746416689004874,No
113,21,12,2534.48,572.11,0.774269278116221,No
113,22,DUMMY,27.57,0.0,1.0,Yes
113,23,19,27.14,25.45,0.0622697126013265,No
113,27,16,0.43,2.41,0.8215767634854773,No
113,28,DUMMY,0.16,0.0,1.0,Yes
113,29,DUMMY,0.15,0.0,1.0,Yes
113,30,DUMMY,0.14,0.0,1.0,Yes
113,31,DUMMY,0.15,0.0,1.0,Yes
113,32,DUMMY,0.14,0.0,1.0,Yes
113,33,14,0.42,2.43,0.8271604938271605,No
113,34,DUMMY,0.42,0.0,1.0,Yes
